reference,leader,word,trailer,lemma,part_of_speech
0.1,,Ἡ,,ὁ,DET
0.1,,ἐκκλησία,,ἐκκλησία,NOUN
0.1,,τοῦ,,ὁ,DET
0.1,,θεοῦ,,θεός,NOUN
0.1,,ἡ,,ὁ,DET
0.1,,παροικοῦσα,,παροικέω,VERB
0.1,,Σμύρναν,,Σμύρνα,NOUN
0.1,,τῇ,,ὁ,DET
0.1,,ἐκκλησίᾳ,,ἐκκλησία,NOUN
0.1,,τοῦ,,ὁ,DET
0.1,,θεοῦ,,θεός,NOUN
0.1,,τῇ,,ὁ,DET
0.1,,παροικούσῃ,,παροικέω,VERB
0.1,,ἐν,,ἐν,ADP
0.1,,Φιλομηλίῳ,,Φιλομήλιον,NOUN
0.1,,καὶ,,καί,CCONJ
0.1,,πάσαις,,πᾶς,DET
0.1,,ταῖς,,ὁ,DET
0.1,,κατὰ,,κατά,ADP
0.1,,πάντα,,πᾶς,ADJ
0.1,,τόπον,,τόπος,NOUN
0.1,,τῆς,,ὁ,DET
0.1,,ἁγίας,,ἅγιος,ADJ
0.1,,καὶ,,καί,CCONJ
0.1,,καθολικῆς,,καθολικός,ADJ
0.1,,ἐκκλησίας,,ἐκκλησία,NOUN
0.1,,παροικίαις,·,παροικία,NOUN
0.1,,ἔλεος,",",ἔλεος,NOUN
0.1,,εἰρήνη,,εἰρήνη,NOUN
0.1,,καὶ,,καί,CCONJ
0.1,,ἀγάπη,,ἀγάπη,NOUN
0.1,,θεοῦ,,θεός,NOUN
0.1,,πατρὸς,,πατήρ,NOUN
0.1,,καὶ,,καί,CCONJ
0.1,,κυρίου,,κύριος,NOUN
0.1,,ἡμῶν,,ἐγώ,PRON
0.1,,Ἰησοῦ,,Ἰησοῦς,NOUN
0.1,,Χριστοῦ,,χριστός,NOUN
0.1,,πληθυνθείη,.,πληθύνω,VERB
1.1,,Ἐγράψαμεν,,γράφω,VERB
1.1,,ὑμῖν,",",σύ,PRON
1.1,,ἀδελφοί,",",ἀδελφός,NOUN
1.1,,τὰ,,ὁ,DET
1.1,,κατὰ,,κατά,ADP
1.1,,τοὺς,,ὁ,DET
1.1,,μαρτυρήσαντας,,μαρτυρέω,VERB
1.1,,καὶ,,καί,CCONJ
1.1,,τὸν,,ὁ,DET
1.1,,μακάριον,,μακάριος,ADJ
1.1,,Πολύκαρπον,",",Πολύκαρπος,NOUN
1.1,,ὅστις,,ὅστις,PRON
1.1,,ὥσπερ,,ὥσπερ,ADV
1.1,,ἐπισφραγίσας,,ἐπισφραγίζω,VERB
1.1,,διὰ,,διά,ADP
1.1,,τῆς,,ὁ,DET
1.1,,μαρτυρίας,,μαρτυρία,NOUN
1.1,,αὐτοῦ,,αὐτός,PRON
1.1,,κατέπαυσεν,,καταπαύω,VERB
1.1,,τὸν,,ὁ,DET
1.1,,διωγμόν,.,διωγμός,NOUN
1.1,,σχεδὸν,,σχεδόν,ADV
1.1,,γὰρ,,γάρ,ADV
1.1,,πάντα,,πᾶς,ADJ
1.1,,τὰ,,ὁ,DET
1.1,,προάγοντα,,προάγω,VERB
1.1,,ἐγένετο,",",γίγνομαι,VERB
1.1,,ἵνα,,ἵνα,SCONJ
1.1,,ἡμῖν,,ἐγώ,PRON
1.1,,ὁ,,ὁ,DET
1.1,,κύριος,,κύριος,NOUN
1.1,,ἄνωθεν,,ἄνωθεν,ADV
1.1,,ἐπιδείξῃ,,ἐπιδείξῃ,VERB
1.1,,τὸ,,ὁ,DET
1.1,,κατὰ,,κατά,ADP
1.1,,τὸ,,ὁ,DET
1.1,,εὐαγγέλιον,,εὐαγγέλιον,NOUN
1.1,,μαρτύριον,.,μαρτύριον,NOUN
1.2,,περιέμενεν,,περιμένω,VERB
1.2,,γάρ,",",γάρ,ADV
1.2,,ἵνα,,ἵνα,SCONJ
1.2,,παραδοθῇ,",",παραδίδωμι,VERB
1.2,,ὡς,,ὡς,ADV
1.2,,καὶ,,καί,ADV
1.2,,ὁ,,ὁ,DET
1.2,,κύριος,",",κύριος,NOUN
1.2,,ἵνα,,ἵνα,SCONJ
1.2,,μιμηταὶ,,μιμητής,NOUN
1.2,,καὶ,,καί,CCONJ
1.2,,ἡμεῖς,,ἐγώ,PRON
1.2,,αὐτοῦ,,αὐτός,PRON
1.2,,γενώμεθα,",",γίγνομαι,VERB
1.2,,μὴ,,μή,ADV
1.2,,μόνον,,μόνος,ADJ
1.2,,σκοποῦντες,,σκοπέω,VERB
1.2,,τὸ,,ὁ,DET
1.2,,καθ’,,κατά,ADP
1.2,,ἑαυτούς,",",ἑαυτοῦ,PRON
1.2,,ἀλλὰ,,ἀλλά,CCONJ
1.2,,καὶ,,καί,ADV
1.2,,τὸ,,ὁ,DET
1.2,,κατὰ,,κατά,ADP
1.2,,τοὺς,,ὁ,DET
1.2,,πέλας,.,πέλας,ADV
1.2,,ἀγάπης,,ἀγάπη,NOUN
1.2,,γὰρ,,γάρ,ADV
1.2,,ἀληθοῦς,,ἀληθής,ADJ
1.2,,καὶ,,καί,CCONJ
1.2,,βεβαίας,,βέβαιος,ADJ
1.2,,ἐστίν,",",εἰμί,AUX
1.2,,μὴ,,μή,ADV
1.2,,μόνον,,μόνος,ADJ
1.2,,ἑαυτὸν,,ἑαυτοῦ,PRON
1.2,,θέλειν,,ἐθέλω,VERB
1.2,,σώζεσθαι,",",σώζω,VERB
1.2,,ἀλλὰ,,ἀλλά,CCONJ
1.2,,καὶ,,καί,ADV
1.2,,πάντας,,πᾶς,ADJ
1.2,,τοὺς,,ὁ,DET
1.2,,ἀδελφούς,.,ἀδελφός,NOUN
2.1,,Μακάρια,,μακάριος,ADJ
2.1,,μὲν,,μέν,ADV
2.1,,οὖν,,οὖν,ADV
2.1,,καὶ,,καί,ADV
2.1,,γενναῖα,,γενναῖος,ADJ
2.1,,τὰ,,ὁ,DET
2.1,,μαρτύρια,,μαρτύριον,NOUN
2.1,,πάντα,,πᾶς,ADJ
2.1,,τὰ,,ὁ,DET
2.1,,κατὰ,,κατά,ADP
2.1,,τὸ,,ὁ,DET
2.1,,θέλημα,,θέλημα,NOUN
2.1,,τοῦ,,ὁ,DET
2.1,,θεοῦ,,θεός,NOUN
2.1,,γεγονότα,.,γίγνομαι,VERB
2.1,,δεῖ,,δεῖ,VERB
2.1,,γὰρ,,γάρ,ADV
2.1,,εὐλαβεστέρους,,εὐλαβής,ADJ
2.1,,ἡμᾶς,,ἐγώ,PRON
2.1,,ὑπάρχοντας,,ὑπάρχω,VERB
2.1,,τῷ,,ὁ,DET
2.1,,θεῷ,,θεός,NOUN
2.1,,τὴν,,ὁ,DET
2.1,,κατὰ,,κατά,ADP
2.1,,πάντων,,πᾶς,ADJ
2.1,,ἐξουσίαν,,ἐξουσία,NOUN
2.1,,ἀνατιθέναι,.,ἀνατίθημι,VERB
2.2,,τὸ,,ὁ,DET
2.2,,γὰρ,,γάρ,ADV
2.2,,γενναῖον,,γενναῖος,ADJ
2.2,,αὐτῶν,,αὐτός,PRON
2.2,,καὶ,,καί,ADV
2.2,,ὑπομονητικὸν,,ὑπομονητικός,ADJ
2.2,,καὶ,,καί,CCONJ
2.2,,φιλοδέσποτον,,φιλοδέσποτος,ADJ
2.2,,τίς,,τις,PRON
2.2,,οὐκ,,οὐ,ADV
2.2,,ἂν,,ἄν,ADV
2.2,,θαυμάσειεν,;,θαυμάζω,VERB
2.2,,οἳ,,ὁ,DET
2.2,,μάστιξιν,,μάστιξ,NOUN
2.2,,μὲν,,μέν,ADV
2.2,,καταξανθέντες,",",καταξαίνω,VERB
2.2,,ὥστε,,ὥστε,SCONJ
2.2,,μέχρι,,μέχρι,ADP
2.2,,τῶν,,ὁ,DET
2.2,,ἔσω,,ἔσω,ADV
2.2,,φλεβῶν,,φλεβά,NOUN
2.2,,καὶ,,καί,CCONJ
2.2,,ἀρτηριῶν,,ἀρτηρία,NOUN
2.2,,τὴν,,ὁ,DET
2.2,,τῆς,,ὁ,DET
2.2,,σαρκὸς,,σάρξ,NOUN
2.2,,οἰκονομίαν,,οἰκονομία,NOUN
2.2,,θεωρεῖσθαι,",",θεωρέω,VERB
2.2,,ὑπέμειναν,",",ὑπομένω,VERB
2.2,,ὡς,,ὡς,ADV
2.2,,καὶ,,καί,ADV
2.2,,τοὺς,,ὁ,DET
2.2,,περιεστῶτας,,περιίστημι,VERB
2.2,,ἐλεεῖν,,ἐλεέω,VERB
2.2,,καὶ,,καί,CCONJ
2.2,,ὀδύρεσθαι,·,ὀδύρομαι,VERB
2.2,,τοὺς,,ὁ,DET
2.2,,δὲ,,δέ,ADV
2.2,,καὶ,,καί,ADV
2.2,,εἰς,,εἰς,ADP
2.2,,τοσοῦτον,,τοσοῦτος,ADJ
2.2,,γενναιότητος,,γενναιότης,NOUN
2.2,,ἐλθεῖν,",",ἔρχομαι,VERB
2.2,,ὥστε,,ὥστε,SCONJ
2.2,,μήτε,,μήτε,ADV
2.2,,γρύξαι,,γρύζω,VERB
2.2,,μήτε,,μήτε,CCONJ
2.2,,στενάξαι,,στενάζω,VERB
2.2,,τινὰ,,τις,PRON
2.2,,αὐτῶν,",",αὐτός,PRON
2.2,,ἐπιδεικνυμένους,,ἐπιδείκνυμι,VERB
2.2,,ἅπασιν,,ἅπας,ADJ
2.2,,ἡμῖν,",",ἐγώ,PRON
2.2,,ὅτι,,ὅτι,SCONJ
2.2,,ἐκείνῃ,,ἐκεῖνος,ADJ
2.2,,τῇ,,ὁ,DET
2.2,,ὥρᾳ,,ὥρα,NOUN
2.2,,βασανιζόμενοι,,βασανίζω,VERB
2.2,,τῆς,,ὁ,DET
2.2,,σαρκὸς,,σάρξ,NOUN
2.2,,ἀπεδήμουν,,ἀποδημέω,VERB
2.2,,οἱ,,ὁ,DET
2.2,,γενναιότατοι,,γενναῖος,ADJ
2.2,,μάρτυρες,,μάρτυς,NOUN
2.2,,τοῦ,,ὁ,DET
2.2,,Χριστοῦ,",",χριστός,NOUN
2.2,,μᾶλλον,,μᾶλλον,ADV
2.2,,δέ,",",δέ,CCONJ
2.2,,ὅτι,,ὅτι,SCONJ
2.2,,παρεστὼς,,παρίστημι,VERB
2.2,,ὁ,,ὁ,DET
2.2,,κύριος,,κύριος,NOUN
2.2,,ὡμίλει,,ὁμιλέω,VERB
2.2,,αὐτοῖς,.,αὐτός,PRON
2.3,,καὶ,,καί,CCONJ
2.3,,προσέχοντες,,προσέχω,VERB
2.3,,τῇ,,ὁ,DET
2.3,,τοῦ,,ὁ,DET
2.3,,Χριστοῦ,,χριστός,NOUN
2.3,,χάριτι,,χάρις,NOUN
2.3,,τῶν,,ὁ,DET
2.3,,κοσμικῶν,,κοσμικός,ADJ
2.3,,κατεφρόνουν,,καταφρονέω,VERB
2.3,,βασάνων,",",βάσανος,NOUN
2.3,,διὰ,,διά,ADP
2.3,,μιᾶς,,εἷς,ADJ
2.3,,ὥρας,,ὥρα,NOUN
2.3,,τὴν,,ὁ,DET
2.3,,αἰώνιον,,αἰώνιος,ADJ
2.3,,ζωὴν,,ζωή,NOUN
2.3,,ἐξαγοραζόμενοι,.,ἐξαγοράζω,VERB
2.3,,καὶ,,καί,ADV
2.3,,τὸ,,ὁ,DET
2.3,,πῦρ,,πῦρ,NOUN
2.3,,ἦν,,εἰμί,AUX
2.3,,αὐτοῖς,,αὐτός,PRON
2.3,,ψυχρὸν,,ψυχρός,ADJ
2.3,,τὸ,,ὁ,DET
2.3,,τῶν,,ὁ,DET
2.3,,ἀπηνῶν,,ἀπηνός,ADJ
2.3,,βασανιστῶν,.,βασανιστής,NOUN
2.3,,πρὸ,,πρό,ADP
2.3,,ὀφθαλμῶν,,ὀφθαλμός,NOUN
2.3,,γὰρ,,γάρ,ADV
2.3,,εἶχον,,ἔχω,VERB
2.3,,φυγεῖν,,φεύγω,VERB
2.3,,τὸ,,ὁ,DET
2.3,,αἰώνιον,,αἰώνιος,ADJ
2.3,,καὶ,,καί,CCONJ
2.3,,μηδέποτε,,μηδέποτε,ADV
2.3,,σβεννύμενον,",",σβέννυμι,VERB
2.3,,καὶ,,καί,CCONJ
2.3,,τοῖς,,ὁ,DET
2.3,,τῆς,,ὁ,DET
2.3,,καρδίας,,καρδία,NOUN
2.3,,ὀφθαλμοῖς,,ὀφθαλμός,NOUN
2.3,,ἀνέβλεπον,,ἀναβλέπω,VERB
2.3,,τὰ,,ὁ,DET
2.3,,τηρούμενα,,τηρέω,VERB
2.3,,τοῖς,,ὁ,DET
2.3,,ὑπομείνασιν,,ὑπομένω,VERB
2.3,,ἀγαθά,",",ἀγαθός,ADJ
2.3,,ἃ,,ὅς,PRON
2.3,,οὔτε,,οὔτε,ADV
2.3,,οὖς,,οὖς,NOUN
2.3,,ἤκουσεν,,ἀκούω,VERB
2.3,,οὔτε,,οὔτε,CCONJ
2.3,,ὀφθαλμὸς,,ὀφθαλμός,NOUN
2.3,,εἶδεν,,εἶδον,VERB
2.3,,οὔτε,,οὔτε,CCONJ
2.3,,ἐπὶ,,ἐπί,ADP
2.3,,καρδίαν,,καρδία,NOUN
2.3,,ἀνθρώπου,,ἄνθρωπος,NOUN
2.3,,ἀνέβη,",",ἀναβαίνω,VERB
2.3,,ἐκείνοις,,ἐκεῖνος,PRON
2.3,,δὲ,,δέ,CCONJ
2.3,,ὑπεδείκνυτο,,ὑποδείκνυμι,VERB
2.3,,ὑπὸ,,ὑπό,ADP
2.3,,τοῦ,,ὁ,DET
2.3,,κυρίου,",",κύριος,NOUN
2.3,,οἵπερ,,ὅσπερ,PRON
2.3,,μηκέτι,,μηκέτι,ADV
2.3,,ἄνθρωποι,",",ἄνθρωπος,NOUN
2.3,,ἀλλ’,,ἀλλά,CCONJ
2.3,,ἤδη,,ἤδη,ADV
2.3,,ἄγγελοι,,ἄγγελος,NOUN
2.3,,ἦσαν,.,εἰμί,AUX
2.4,,ὁμοίως,,ὁμοίως,ADV
2.4,,δὲ,,δέ,ADV
2.4,,καὶ,,καί,ADV
2.4,,οἱ,,ὁ,DET
2.4,,εἰς,,εἰς,ADP
2.4,,τὰ,,ὁ,DET
2.4,,θηρία,,θηρίον,NOUN
2.4,,κατακριθέντες,,κατακρίνω,VERB
2.4,,ὑπέμειναν,,ὑπομένω,VERB
2.4,,δεινὰς,,δεινός,ADJ
2.4,,κολάσεις,",",κόλασις,NOUN
2.4,,κήρυκας,,κῆρυξ,NOUN
2.4,,ὑποστρωννύμενοι,,ὑπό-στόρεννυμι,VERB
2.4,,καὶ,,καί,CCONJ
2.4,,ἄλλαις,,ἄλλος,ADJ
2.4,,ποικίλων,,ποικίλος,ADJ
2.4,,βασάνων,,βάσανος,NOUN
2.4,,ἰδέαις,,ἰδέα,NOUN
2.4,,κολαζόμενοι,",",κολάζω,VERB
2.4,,ἵνα,",",ἵνα,SCONJ
2.4,,εἰ,,εἰ,SCONJ
2.4,,δυνηθείη,",",δύναμαι,VERB
2.4,,ὁ,,ὁ,DET
2.4,,τύραννος,,τύραννος,NOUN
2.4,,διὰ,,διά,ADP
2.4,,τῆς,,ὁ,DET
2.4,,ἐπιμόνου,,ἐπίμονος,ADJ
2.4,,κολάσεως,,κόλασις,NOUN
2.4,,εἰς,,εἰς,ADP
2.4,,ἄρνησιν,,ἄρνησις,NOUN
2.4,,αὐτοὺς,,αὐτός,PRON
2.4,,τρέψῃ,.,τρέπτω,VERB
2.4,,πολλὰ,,πολύς,ADJ
2.4,,γὰρ,,γάρ,ADV
2.4,,ἐμηχανᾶτο,,μηχανάομαι,VERB
2.4,,κατ’,,κατά,ADP
2.4,,αὐτῶν,,αὐτός,PRON
2.4,,ὁ,,ὁ,DET
2.4,,διάβολος,.,διάβολος,NOUN
3.1,,Ἀλλὰ,,ἀλλά,CCONJ
3.1,,χάρις,,χάρις,NOUN
3.1,,τῷ,,ὁ,DET
3.1,,θεῷ,·,θεός,NOUN
3.1,,κατὰ,,κατά,ADP
3.1,,πάντων,,πᾶς,ADJ
3.1,,γὰρ,,γάρ,ADV
3.1,,οὐκ,,οὐ,ADV
3.1,,ἴσχυσεν,.,ἰσχύω,VERB
3.1,,ὁ,,ὁ,DET
3.1,,γὰρ,,γάρ,ADV
3.1,,γενναιότατος,,γενναῖος,ADJ
3.1,,Γερμανικὸς,,Γερμανικός,ADJ
3.1,,ἐπερρώννυεν,,ἐπερρώννυεν,VERB
3.1,,αὐτῶν,,αὐτός,PRON
3.1,,τὴν,,ὁ,DET
3.1,,δειλίαν,,δειλία,NOUN
3.1,,διὰ,,διά,ADP
3.1,,τῆς,,ὁ,DET
3.1,,ἐν,,ἐν,ADP
3.1,,αὐτῷ,,αὐτός,PRON
3.1,,ὑπομονῆς,·,ὑπομονή,NOUN
3.1,,ὃς,,ὅς,PRON
3.1,,καὶ,,καί,ADV
3.1,,ἐπισήμως,,ἐπίσημος,ADV
3.1,,ἐθηριομάχησεν,.,θηριομαχέω,VERB
3.1,,βουλομένου,,βούλομαι,VERB
3.1,,γὰρ,,γάρ,ADV
3.1,,τοῦ,,ὁ,DET
3.1,,ἀνθυπάτου,,ἀνθύπατος,NOUN
3.1,,πείθειν,,πείθω,VERB
3.1,,αὐτὸν,,αὐτός,PRON
3.1,,καὶ,,καί,CCONJ
3.1,,λέγοντος,",",λέγω,VERB
3.1,,τὴν,,ὁ,DET
3.1,,ἡλικίαν,,ἡλικία,NOUN
3.1,,αὐτοῦ,,αὐτός,PRON
3.1,,κατοικτεῖραι,",",κατοικτείρω,VERB
3.1,,ἑαυτῷ,,ἑαυτοῦ,PRON
3.1,,ἐπεσπάσατο,,ἐπισπάω,VERB
3.1,,τὸ,,ὁ,DET
3.1,,θηρίον,,θηρίον,NOUN
3.1,,προσβιασάμενος,",",προσβιάζομαι,VERB
3.1,,τάχιον,,τάχα,ADJ
3.1,,τοῦ,,ὁ,DET
3.1,,ἀδίκου,,ἄδικος,ADJ
3.1,,καὶ,,καί,CCONJ
3.1,,ἀνόμου,,ἄνομος,ADJ
3.1,,βίου,,βίος,NOUN
3.1,,αὐτῶν,,αὐτός,PRON
3.1,,ἀπαλλαγῆναι,,ἀπαλλαγῆναι,VERB
3.1,,βουλόμενος,.,βούλομαι,VERB
3.2,,ἐκ,,ἐκ,ADP
3.2,,τούτου,,οὗτος,PRON
3.2,,οὖν,,οὖν,ADV
3.2,,πᾶν,,πᾶς,ADJ
3.2,,τὸ,,ὁ,DET
3.2,,πλῆθος,",",πλῆθος,NOUN
3.2,,θαυμάσαν,,θαυμάζω,VERB
3.2,,τὴν,,ὁ,DET
3.2,,γενναιότητα,,γενναιότης,NOUN
3.2,,τοῦ,,ὁ,DET
3.2,,θεοφιλοῦς,,θεοφιλής,NOUN
3.2,,καὶ,,καί,CCONJ
3.2,,θεοσεβοῦς,,θεοσεβής,ADJ
3.2,,γένους,,γένος,NOUN
3.2,,τῶν,,ὁ,DET
3.2,,Χριστιανῶν,",",Χριστιανός,NOUN
3.2,,ἐπεβόησεν,·,ἐπιβοάω,VERB
3.2,,Αἶρε,,αἴρω,VERB
3.2,,τοὺς,,ὁ,DET
3.2,,ἀθέους,·,ἄθεος,ADJ
3.2,,ζητείσθω,,ζητέω,VERB
3.2,,Πολύκαρπος,.,Πολύκαρπος,ADJ
4.1,,Εἷς,,εἷς,NOUN
4.1,,δέ,",",δέ,ADV
4.1,,ὀνόματι,,ὄνομα,NOUN
4.1,,Κόϊντος,",",Κόϊντος,ADJ
4.1,,Φρύξ,,Φρύξ,NOUN
4.1,,προσφάτως,,πρόσφατος,ADV
4.1,,ἐληλυθὼς,,ἔρχομαι,VERB
4.1,,ἀπὸ,,ἀπό,ADP
4.1,,τῆς,,ὁ,DET
4.1,,Φρυγίας,",",Φρυγία,NOUN
4.1,,ἰδὼν,,εἶδον,VERB
4.1,,τὰ,,ὁ,DET
4.1,,θηρία,,θηρίον,NOUN
4.1,,ἐδειλίασεν,.,δειλιάω,VERB
4.1,,οὗτος,,οὗτος,PRON
4.1,,δὲ,,δέ,ADV
4.1,,ἦν,,εἰμί,AUX
4.1,,ὁ,,ὁ,DET
4.1,,παραβιασάμενος,,παραβιάζομαι,VERB
4.1,,ἑαυτόν,,ἑαυτοῦ,PRON
4.1,,τε,,τε,ADV
4.1,,καί,,καί,CCONJ
4.1,,τινας,,τις,PRON
4.1,,προσελθεῖν,,προσέρχομαι,VERB
4.1,,ἑκόντας,.,ἑκών,ADJ
4.1,,τοῦτον,,οὗτος,PRON
4.1,,ὁ,,ὁ,DET
4.1,,ἀνθύπατος,,ἀνθύπατος,NOUN
4.1,,πολλὰ,,πολύς,ADJ
4.1,,ἐκλιπαρήσας,,ἐκλιπαρέω,VERB
4.1,,ἔπεισεν,,πείθω,VERB
4.1,,ὀμόσαι,,ὄμνυμι,VERB
4.1,,καὶ,,καί,CCONJ
4.1,,ἐπιθῦσαι,.,ἐπιθύω,VERB
4.1,,διὰ,,διά,ADP
4.1,,τοῦτο,,οὗτος,PRON
4.1,,οὖν,",",οὖν,ADV
4.1,,ἀδελφοί,",",ἀδελφός,NOUN
4.1,,οὐκ,,οὐ,ADV
4.1,,ἐπαινοῦμεν,,ἐπαινέω,VERB
4.1,,τοὺς,,ὁ,DET
4.1,,προδιδόντας,,προδίδωμι,VERB
4.1,,ἑαυτούς,",",ἑαυτοῦ,PRON
4.1,,ἐπειδὴ,,ἐπεί,CCONJ
4.1,,οὐχ,,οὐ,ADV
4.1,,οὕτως,,οὕτως,ADV
4.1,,διδάσκει,,διδάσκω,VERB
4.1,,τὸ,,ὁ,DET
4.1,,εὐαγγέλιον,.,εὐαγγέλιον,NOUN
5.1,,Ὁ,,ὁ,DET
5.1,,δὲ,,δέ,ADV
5.1,,θαυμασιώτατος,,θαυμάσιος,ADJ
5.1,,Πολύκαρπος,,Πολύκαρπος,NOUN
5.1,,τὸ,,ὁ,DET
5.1,,μὲν,,μέν,ADV
5.1,,πρῶτον,,πρῶτος,ADJ
5.1,,ἀκούσας,,ἀκούω,VERB
5.1,,οὐκ,,οὐ,ADV
5.1,,ἐταράχθη,",",ταράσσω,VERB
5.1,,ἀλλ’,,ἀλλά,CCONJ
5.1,,ἐβούλετο,,βούλομαι,VERB
5.1,,κατὰ,,κατά,ADP
5.1,,πόλιν,,πόλις,NOUN
5.1,,μένειν,·,μένω,VERB
5.1,,οἱ,,ὁ,DET
5.1,,δὲ,,δέ,ADV
5.1,,πλείους,,πολύς,ADJ
5.1,,ἔπειθον,,πείθω,VERB
5.1,,αὐτὸν,,αὐτός,PRON
5.1,,ὑπεξελθεῖν,.,ὑπεξέρχομαι,VERB
5.1,,καὶ,,καί,ADV
5.1,,ὑπεξῆλθεν,,ὑπεξέρχομαι,VERB
5.1,,εἰς,,εἰς,ADP
5.1,,ἀγρίδιον,,ἀγρίδιον,NOUN
5.1,,οὐ,,οὐ,ADV
5.1,,μακρὰν,,μακράν,ADV
5.1,,ἀπέχον,,ἀπέχω,VERB
5.1,,ἀπὸ,,ἀπό,ADP
5.1,,τῆς,,ὁ,DET
5.1,,πόλεως,,πόλις,NOUN
5.1,,καὶ,,καί,CCONJ
5.1,,διέτριβεν,,διατρίβω,VERB
5.1,,μετ’,,μετά,ADP
5.1,,ὀλίγων,",",ὀλίγος,ADJ
5.1,,νύκτα,,νύξ,NOUN
5.1,,καὶ,,καί,CCONJ
5.1,,ἡμέραν,,ἡμέρα,NOUN
5.1,,οὐδὲν,,οὐδείς,ADJ
5.1,,ἕτερον,,ἕτερος,ADJ
5.1,,ποιῶν,,ποιέω,VERB
5.1,,ἢ,,ἤ,CCONJ
5.1,,προσευχόμενος,,προσεύχομαι,VERB
5.1,,περὶ,,περί,ADP
5.1,,πάντων,,πᾶς,ADJ
5.1,,καὶ,,καί,CCONJ
5.1,,τῶν,,ὁ,DET
5.1,,κατὰ,,κατά,ADP
5.1,,τὴν,,ὁ,DET
5.1,,οἰκουμένην,,οἰκουμένη,NOUN
5.1,,ἐκκλησιῶν,",",ἐκκλησία,NOUN
5.1,,ὅπερ,,ὅσπερ,PRON
5.1,,ἦν,,εἰμί,AUX
5.1,,σύνηθες,,σύν-ἠθέω,ADJ
5.1,,αὐτῷ,.,αὐτός,PRON
5.2,,καὶ,,καί,CCONJ
5.2,,προσευχόμενος,,προσεύχομαι,VERB
5.2,,ἐν,,ἐν,ADP
5.2,,ὀπτασίᾳ,,ὀπτασία,NOUN
5.2,,γέγονεν,,γίγνομαι,VERB
5.2,,πρὸ,,πρό,ADP
5.2,,τριῶν,,τρεῖς,NUM
5.2,,ἡμερῶν,,ἡμέρα,NOUN
5.2,,τοῦ,,ὁ,DET
5.2,,συλληφθῆναι,,συλλαμβάνω,VERB
5.2,,αὐτόν,",",αὐτός,PRON
5.2,,καὶ,,καί,CCONJ
5.2,,εἶδεν,,εἶδον,VERB
5.2,,τὸ,,ὁ,DET
5.2,,προσκεφάλαιον,,προσκεφάλαιον,NOUN
5.2,,αὐτοῦ,,αὐτός,PRON
5.2,,ὑπὸ,,ὑπό,ADP
5.2,,πυρὸς,,πῦρ,NOUN
5.2,,κατακαιόμενον,·,κατακαίω,VERB
5.2,,καὶ,,καί,CCONJ
5.2,,στραφεὶς,,στρέφω,VERB
5.2,,εἶπεν,,εἶπον,VERB
5.2,,πρὸς,,πρός,ADP
5.2,,τοὺς,,ὁ,DET
5.2,,σὺν,,σύν,ADP
5.2,,αὐτῷ,·,αὐτός,PRON
5.2,,Δεῖ,,δει,VERB
5.2,,με,,ἐγώ,PRON
5.2,,ζῶντα,,ζάω,VERB
5.2,,καῆναι,.,καίω,VERB
6.1,,Καὶ,,καί,ADV
6.1,,ἐπιμενόντων,,ἐπιμένω,VERB
6.1,,τῶν,,ὁ,DET
6.1,,ζητούντων,,ζητέω,VERB
6.1,,αὐτὸν,,αὐτός,PRON
6.1,,μετέβη,,μεταβαίνω,VERB
6.1,,εἰς,,εἰς,ADP
6.1,,ἕτερον,,ἕτερος,ADJ
6.1,,ἀγρίδιον,",",ἀγρίδιον,NOUN
6.1,,καὶ,,καί,CCONJ
6.1,,εὐθέως,,εὐθέως,ADV
6.1,,ἐπέστησαν,,ἐφίστημι,VERB
6.1,,οἱ,,ὁ,DET
6.1,,ζητοῦντες,,ζητέω,VERB
6.1,,αὐτόν,·,αὐτός,PRON
6.1,,καὶ,,καί,ADV
6.1,,μὴ,,μή,ADV
6.1,,εὑρόντες,,εὑρίσκω,VERB
6.1,,συνελάβοντο,,συλλαμβάνω,VERB
6.1,,παιδάρια,,παιδάριον,NOUN
6.1,,δύο,",",δύο,NUM
6.1,,ὧν,,ὅς,PRON
6.1,,τὸ,,ὁ,DET
6.1,,ἕτερον,,ἕτερος,ADJ
6.1,,βασανιζόμενον,,βασανίζω,VERB
6.1,,ὡμολόγησεν,.,ὁμολογέω,VERB
6.2,,ἦν,,εἰμί,AUX
6.2,,γὰρ,,γάρ,ADV
6.2,,καὶ,,καί,ADV
6.2,,ἀδύνατον,,ἀδύνατος,ADJ
6.2,,λαθεῖν,,λανθάνω,VERB
6.2,,αὐτόν,",",αὐτός,PRON
6.2,,ἐπεὶ,,ἐπεί,CCONJ
6.2,,καὶ,,καί,ADV
6.2,,οἱ,,ὁ,DET
6.2,,προδιδόντες,,προδίδωμι,VERB
6.2,,αὐτὸν,,αὐτός,PRON
6.2,,οἰκεῖοι,,οἰκεῖος,ADJ
6.2,,ὑπῆρχον,",",ὑπάρχω,VERB
6.2,,καὶ,,καί,CCONJ
6.2,,ὁ,,ὁ,DET
6.2,,εἰρήναρχος,",",εἰρήναρχος,NOUN
6.2,,ὁ,,ὁ,DET
6.2,,κεκληρωμένος,,κληρόω,VERB
6.2,,τὸ,,ὁ,DET
6.2,,αὐτὸ,,αὐτός,PRON
6.2,,ὄνομα,",",ὄνομα,NOUN
6.2,,Ἡρώδης,,Ἡρώδης,NOUN
6.2,,ἐπιλεγόμενος,",",ἐπιλέγω,VERB
6.2,,ἔσπευδεν,,σπεύδω,VERB
6.2,,εἰς,,εἰς,ADP
6.2,,τὸ,,ὁ,DET
6.2,,στάδιον,,στάδιον,NOUN
6.2,,αὐτὸν,,αὐτός,PRON
6.2,,εἰσαγαγεῖν,",",εἰσάγω,VERB
6.2,,ἵνα,,ἵνα,SCONJ
6.2,,ἐκεῖνος,,ἐκεῖνος,PRON
6.2,,μὲν,,μέν,ADV
6.2,,τὸν,,ὁ,DET
6.2,,ἴδιον,,ἴδιος,ADJ
6.2,,κλῆρον,,κλῆρος,NOUN
6.2,,ἀπαρτίσῃ,,ἀπαρτίζω,VERB
6.2,,Χριστοῦ,,χριστός,NOUN
6.2,,κοινωνὸς,,κοινωνός,NOUN
6.2,,γενόμενος,",",γίγνομαι,VERB
6.2,,οἱ,,ὁ,DET
6.2,,δὲ,,δέ,CCONJ
6.2,,προδόντες,,προδίδωμι,VERB
6.2,,αὐτὸν,,αὐτός,PRON
6.2,,τὴν,,ὁ,DET
6.2,,αὐτοῦ,,αὐτός,PRON
6.2,,τοῦ,,ὁ,DET
6.2,,Ἰούδα,,Ἰούδας,NOUN
6.2,,ὑπόσχοιεν,,ὑπέχω,VERB
6.2,,τιμωρίαν,.,τιμωρία,NOUN
7.1,,Ἔχοντες,,ἔχω,VERB
7.1,,οὖν,,οὖν,ADV
7.1,,τὸ,,ὁ,DET
7.1,,παιδάριον,",",παιδάριον,NOUN
7.1,,τῇ,,ὁ,DET
7.1,,παρασκευῇ,,παρασκευή,NOUN
7.1,,περὶ,,περί,ADP
7.1,,δείπνου,,δεῖπνον,NOUN
7.1,,ὥραν,,ὥρα,NOUN
7.1,,ἐξῆλθον,,ἐξέρχομαι,VERB
7.1,,διωγμῖται,,διωγμίτης,NOUN
7.1,,καὶ,,καί,CCONJ
7.1,,ἱππεῖς,,ἱππεύς,NOUN
7.1,,μετὰ,,μετά,ADP
7.1,,τῶν,,ὁ,DET
7.1,,συνήθων,,σύν-ἠθέω,ADJ
7.1,,αὐτοῖς,,αὐτός,PRON
7.1,,ὅπλων,,ὅπλον,NOUN
7.1,,ὡς,,ὡς,ADV
7.1,,ἐπὶ,,ἐπί,ADP
7.1,,λῃστὴν,,λῃστής,NOUN
7.1,,τρέχοντες,.,τρέχω,VERB
7.1,,καὶ,,καί,ADV
7.1,,ὀψὲ,,ὀψέ,ADV
7.1,,τῆς,,ὁ,DET
7.1,,ὥρας,,ὥρα,NOUN
7.1,,συνεπελθόντες,,σύν-ἐπέρχομαι,VERB
7.1,,ἐκεῖνον,,ἐκεῖνος,PRON
7.1,,μὲν,,μέν,ADV
7.1,,εὗρον,,εὑρίσκω,VERB
7.1,,ἐν,,ἐν,ADP
7.1,,ὑπερῴῳ,,ὑπερῷον,NOUN
7.1,,κατακείμενον,·,κατάκειμαι,VERB
7.1,,κἀκεῖθεν,,ἐκεῖθεν,ADV
7.1,,δὲ,,δέ,ADV
7.1,,ἠδύνατο,,δύναμαι,VERB
7.1,,εἰς,,εἰς,ADP
7.1,,ἕτερον,,ἕτερος,ADJ
7.1,,χωρίον,,χωρίον,NOUN
7.1,,ἀπελθεῖν,",",ἀπέρχομαι,VERB
7.1,,ἀλλ’,,ἀλλά,CCONJ
7.1,,οὐκ,,οὐ,ADV
7.1,,ἠβουλήθη,,ἠβουλήθη,VERB
7.1,,εἰπών,·,εἶπον,VERB
7.1,,Τὸ,,ὁ,DET
7.1,,θέλημα,,θέλημα,NOUN
7.1,,τοῦ,,ὁ,DET
7.1,,θεοῦ,,θεός,NOUN
7.1,,γενέσθω,.,γίγνομαι,VERB
7.2,,ἀκούσας,,ἀκούω,VERB
7.2,,οὖν,,οὖν,ADV
7.2,,παρόντας,,πάρειμι,VERB
7.2,,αὐτούς,",",αὐτός,PRON
7.2,,καταβὰς,,καταβαίνω,VERB
7.2,,διελέχθη,,διαλέγω,VERB
7.2,,αὐτοῖς,",",αὐτός,PRON
7.2,,θαυμαζόντων,,θαυμάζω,VERB
7.2,,τῶν,,ὁ,DET
7.2,,παρόντων,,πάρειμι,VERB
7.2,,τὴν,,ὁ,DET
7.2,,ἡλικίαν,,ἡλικία,NOUN
7.2,,αὐτοῦ,,αὐτός,PRON
7.2,,καὶ,,καί,CCONJ
7.2,,τὸ,,ὁ,DET
7.2,,εὐσταθές,",",εὐσταθής,ADJ
7.2,,καὶ,,καί,CCONJ
7.2,,εἰ,,εἰ,SCONJ
7.2,,τοσαύτη,,τοσοῦτος,ADJ
7.2,,σπουδὴ,,σπουδή,NOUN
7.2,,ἦν,,εἰμί,AUX
7.2,,τοῦ,,ὁ,DET
7.2,,συλληφθῆναι,,συλλαμβάνω,VERB
7.2,,τοιοῦτον,,τοιοῦτος,ADJ
7.2,,πρεσβύτην,,πρεσβύτης,NOUN
7.2,,ἄνδρα,.,ἀνήρ,NOUN
7.2,,εὐθέως,,εὐθέως,ADV
7.2,,οὖν,,οὖν,ADV
7.2,,αὐτοῖς,,αὐτός,PRON
7.2,,ἐκέλευσεν,,κελεύω,VERB
7.2,,παρατεθῆναι,,παρατίθημι,VERB
7.2,,φαγεῖν,,ἐσθίω,VERB
7.2,,καὶ,,καί,CCONJ
7.2,,πιεῖν,,πίνω,VERB
7.2,,ἐν,,ἐν,ADP
7.2,,ἐκείνῃ,,ἐκεῖνος,ADJ
7.2,,τῇ,,ὁ,DET
7.2,,ὥρᾳ,",",ὥρα,NOUN
7.2,,ὅσον,,ὅσος,ADJ
7.2,,ἂν,,ἄν,ADV
7.2,,βούλωνται,",",βούλομαι,VERB
7.2,,ἐξῃτήσατο,,ἐξαιτέω,VERB
7.2,,δὲ,,δέ,CCONJ
7.2,,αὐτούς,",",αὐτός,PRON
7.2,,ἵνα,,ἵνα,SCONJ
7.2,,δῶσιν,,δίδωμι,VERB
7.2,,αὐτῷ,,αὐτός,PRON
7.2,,ὥραν,,ὥρα,NOUN
7.2,,πρὸς,,πρός,ADP
7.2,,τὸ,,ὁ,DET
7.2,,προσεύξασθαι,,προσεύχομαι,VERB
7.2,,ἀδεῶς,.,ἀδεής,ADV
7.3,,τῶν,,ὁ,DET
7.3,,δὲ,,δέ,ADV
7.3,,ἐπιτρεψάντων,",",ἐπιτρέπω,VERB
7.3,,σταθεὶς,,ἵστημι,VERB
7.3,,προσηύξατο,,προσεύχομαι,VERB
7.3,,πλήρης,,πλήρης,ADJ
7.3,,ὢν,,εἰμί,AUX
7.3,,τῆς,,ὁ,DET
7.3,,χάριτος,,χάρις,NOUN
7.3,,τοῦ,,ὁ,DET
7.3,,θεοῦ,,θεός,NOUN
7.3,,οὕτως,,οὕτως,ADV
7.3,,ὥστε,,ὥστε,SCONJ
7.3,,ἐπὶ,,ἐπί,ADP
7.3,,δύο,,δύο,NUM
7.3,,ὥρας,,ὥρα,NOUN
7.3,,μὴ,,μή,ADV
7.3,,δύνασθαι,,δύναμαι,VERB
7.3,,σιγῆσαι,,σιγάω,VERB
7.3,,καὶ,,καί,CCONJ
7.3,,ἐκπλήττεσθαι,,ἐκπλήσσω,VERB
7.3,,τοὺς,,ὁ,DET
7.3,,ἀκούοντας,",",ἀκούω,VERB
7.3,,πολλούς,,πολύς,ADJ
7.3,,τε,,τε,CCONJ
7.3,,μετανοεῖν,,μετανοέω,VERB
7.3,,ἐπὶ,,ἐπί,ADP
7.3,,τῷ,,ὁ,DET
7.3,,ἐληλυθέναι,,ἔρχομαι,VERB
7.3,,ἐπὶ,,ἐπί,ADP
7.3,,τοιοῦτον,,τοιοῦτος,ADJ
7.3,,θεοπρεπῆ,,θεοπρεπής,ADJ
7.3,,πρεσβύτην,.,πρεσβύτης,NOUN
8.1,,Ἐπεὶ,,ἐπεί,CCONJ
8.1,,δέ,,δέ,ADV
8.1,,ποτε,,ποτέ,ADV
8.1,,κατέπαυσεν,,καταπαύω,VERB
8.1,,τὴν,,ὁ,DET
8.1,,προσευχήν,",",προσευχή,NOUN
8.1,,μνημονεύσας,,μνημονεύω,VERB
8.1,,ἁπάντων,,ἅπας,ADJ
8.1,,καὶ,,καί,CCONJ
8.1,,τῶν,,ὁ,DET
8.1,,πώποτε,,πώποτε,ADV
8.1,,συμβεβληκότων,,συμβάλλω,VERB
8.1,,αὐτῷ,",",αὐτός,PRON
8.1,,μικρῶν,,μικρός,ADJ
8.1,,τε,,τε,ADV
8.1,,καὶ,,καί,CCONJ
8.1,,μεγάλων,",",μέγας,ADJ
8.1,,ἐνδόξων,,ἔνδοξος,ADJ
8.1,,τε,,τε,ADV
8.1,,καὶ,,καί,CCONJ
8.1,,ἀδόξων,,ἄδοξος,ADJ
8.1,,καὶ,,καί,CCONJ
8.1,,πάσης,,πᾶς,DET
8.1,,τῆς,,ὁ,DET
8.1,,κατὰ,,κατά,ADP
8.1,,τὴν,,ὁ,DET
8.1,,οἰκουμένην,,οἰκουμένη,NOUN
8.1,,καθολικῆς,,καθολικός,ADJ
8.1,,ἐκκλησίας,",",ἐκκλησία,NOUN
8.1,,τῆς,,ὁ,DET
8.1,,ὥρας,,ὥρα,NOUN
8.1,,ἐλθούσης,,ἔρχομαι,VERB
8.1,,τοῦ,,ὁ,DET
8.1,,ἐξιέναι,",",ἔξειμι,VERB
8.1,,ὄνῳ,,ὄνος,NOUN
8.1,,καθίσαντες,,καθίζω,VERB
8.1,,αὐτὸν,,αὐτός,PRON
8.1,,ἤγαγον,,ἄγω,VERB
8.1,,εἰς,,εἰς,ADP
8.1,,τὴν,,ὁ,DET
8.1,,πόλιν,",",πόλις,NOUN
8.1,,ὄντος,,εἰμί,AUX
8.1,,σαββάτου,,σάββατον,NOUN
8.1,,μεγάλου,.,μέγας,ADJ
8.2,,καὶ,,καί,ADV
8.2,,ὑπήντα,,ὑπαντάω,VERB
8.2,,αὐτῷ,,αὐτός,PRON
8.2,,ὁ,,ὁ,DET
8.2,,εἰρήναρχος,,εἰρήναρχος,NOUN
8.2,,Ἡρώδης,,Ἡρώδης,NOUN
8.2,,καὶ,,καί,CCONJ
8.2,,ὁ,,ὁ,DET
8.2,,πατὴρ,,πατήρ,NOUN
8.2,,αὐτοῦ,,αὐτός,PRON
8.2,,Νικήτης,",",Νικήτας,NOUN
8.2,,οἳ,,ὁ,DET
8.2,,καὶ,,καί,ADV
8.2,,μεταθέντες,,μετατίθημι,VERB
8.2,,αὐτὸν,,αὐτός,PRON
8.2,,ἐπὶ,,ἐπί,ADP
8.2,,τὴν,,ὁ,DET
8.2,,καροῦχαν,,καροῦχαν,NOUN
8.2,,ἔπειθον,,πείθω,VERB
8.2,,παρακαθεζόμενοι,,παρακαθίζομαε,VERB
8.2,,καὶ,,καί,CCONJ
8.2,,λέγοντες,·,λέγω,VERB
8.2,,Τί,,τις,PRON
8.2,,γὰρ,,γάρ,ADV
8.2,,κακόν,,κακός,ADJ
8.2,,ἐστιν,,εἰμί,AUX
8.2,,εἰπεῖν,·,εἶπον,VERB
8.2,,Κύριος,,κυριος,NOUN
8.2,,καῖσαρ,",",καῖσαρ,NOUN
8.2,,καὶ,,καί,ADV
8.2,,ἐπιθῦσαι,,ἐπιθύω,VERB
8.2,,καὶ,,καί,CCONJ
8.2,,τὰ,,ὁ,DET
8.2,,τούτοις,,οὗτος,PRON
8.2,,ἀκόλουθα,,ἀκόλουθος,ADJ
8.2,,καὶ,,καί,CCONJ
8.2,,διασώζεσθαι,;,διασῴζω,VERB
8.2,,ὁ,,ὁ,PRON
8.2,,δὲ,,δέ,ADV
8.2,,τὰ,,ὁ,DET
8.2,,μὲν,,μέν,ADV
8.2,,πρῶτα,,πρῶτος,ADJ
8.2,,οὐκ,,οὐ,ADV
8.2,,ἀπεκρίνατο,,ἀποκρίνω,VERB
8.2,,αὐτοῖς,",",αὐτός,PRON
8.2,,ἐπιμενόντων,,ἐπιμένω,VERB
8.2,,δὲ,,δέ,CCONJ
8.2,,αὐτῶν,,αὐτός,PRON
8.2,,ἔφη,·,φημί,VERB
8.2,,Οὐ,,οὐ,ADV
8.2,,μέλλω,,μέλλω,VERB
8.2,,ποιεῖν,",",ποιέω,VERB
8.2,,ὃ,,ὅς,PRON
8.2,,συμβουλεύετέ,,συμβουλεύω,VERB
8.2,,μοι,.,ἐγώ,PRON
8.3,,οἱ,,ὁ,DET
8.3,,δὲ,,δέ,ADV
8.3,,ἀποτυχόντες,,ἀποτυγχάνω,VERB
8.3,,τοῦ,,ὁ,DET
8.3,,πεῖσαι,,πείθω,VERB
8.3,,αὐτὸν,,αὐτός,PRON
8.3,,δεινὰ,,δεινός,ADJ
8.3,,ῥήματα,,ῥῆμα,NOUN
8.3,,ἔλεγον,,λέγω,VERB
8.3,,αὐτῷ,,αὐτός,PRON
8.3,,καὶ,,καί,CCONJ
8.3,,μετὰ,,μετά,ADP
8.3,,σπουδῆς,,σπουδή,NOUN
8.3,,καθῄρουν,,καθαιρέω,VERB
8.3,,αὐτόν,",",αὐτός,PRON
8.3,,ὡς,,ὡς,ADV
8.3,,κατιόντα,,κάτειμι,VERB
8.3,,ἀπὸ,,ἀπό,ADP
8.3,,τῆς,,ὁ,DET
8.3,,καρούχας,,καροῦχα,NOUN
8.3,,ἀποσῦραι,,ἀποσύρω,VERB
8.3,,τὸ,,ὁ,DET
8.3,,ἀντικνήμιον,.,ἀντικνήμιον,NOUN
8.3,,καὶ,,καί,ADV
8.3,,μὴ,,μή,ADV
8.3,,ἐπιστραφείς,",",ἐπιστρέφω,VERB
8.3,,ὡς,,ὡς,SCONJ
8.3,,οὐδὲν,,οὐδείς,PRON
8.3,,πεπονθὼς,,πάσχω,VERB
8.3,,προθύμως,,πρόθυμος,ADV
8.3,,μετὰ,,μετά,ADP
8.3,,σπουδῆς,,σπουδή,NOUN
8.3,,ἐπορεύετο,",",πορεύομαι,VERB
8.3,,ἀγόμενος,,ἄγω,VERB
8.3,,εἰς,,εἰς,ADP
8.3,,τὸ,,ὁ,DET
8.3,,στάδιον,",",στάδιον,NOUN
8.3,,θορύβου,,θόρυβος,NOUN
8.3,,τηλικούτου,,τηλικοῦτος,ADJ
8.3,,ὄντος,,εἰμί,AUX
8.3,,ἐν,,ἐν,ADP
8.3,,τῷ,,ὁ,DET
8.3,,σταδίῳ,",",στάδιον,NOUN
8.3,,ὡς,,ὡς,ADV
8.3,,μηδὲ,,μηδέ,ADV
8.3,,ἀκουσθῆναί,,ἀκούω,VERB
8.3,,τινα,,τις,PRON
8.3,,δύνασθαι,.,δύναμαι,VERB
9.1,,Τῷ,,ὁ,DET
9.1,,δὲ,,δέ,ADV
9.1,,Πολυκάρπῳ,,Πολυκάρπῳ,NOUN
9.1,,εἰσιόντι,,εἴσειμι,VERB
9.1,,εἰς,,εἰς,ADP
9.1,,τὸ,,ὁ,DET
9.1,,στάδιον,,στάδιον,NOUN
9.1,,φωνὴ,,φωνή,NOUN
9.1,,ἐξ,,ἐκ,ADP
9.1,,οὐρανοῦ,,οὐρανός,NOUN
9.1,,ἐγένετο,·,γίγνομαι,VERB
9.1,,Ἴσχυε,",",Ἴσχυε,VERB
9.1,,Πολύκαρπε,",",Πολύκαρπος,NOUN
9.1,,καὶ,,καί,CCONJ
9.1,,ἀνδρίζου,.,ἀνδρίζω,VERB
9.1,,καὶ,,καί,ADV
9.1,,τὸν,,ὁ,DET
9.1,,μὲν,,μέν,ADV
9.1,,εἰπόντα,,εἶπον,VERB
9.1,,οὐδεὶς,,οὐδείς,PRON
9.1,,εἶδεν,",",εἶδον,VERB
9.1,,τὴν,,ὁ,DET
9.1,,δὲ,,δέ,CCONJ
9.1,,φωνὴν,,φωνή,NOUN
9.1,,τῶν,,ὁ,DET
9.1,,ἡμετέρων,,ἡμέτερος,ADJ
9.1,,οἱ,,ὁ,DET
9.1,,παρόντες,,πάρειμι,VERB
9.1,,ἤκουσαν,.,ἀκούω,VERB
9.1,,καὶ,,καί,ADV
9.1,,λοιπὸν,,λοιπός,ADJ
9.1,,προσαχθέντος,,προσαχθέντος,VERB
9.1,,αὐτοῦ,",",αὐτός,PRON
9.1,,θόρυβος,,θόρυβος,NOUN
9.1,,ἦν,,εἰμί,AUX
9.1,,μέγας,,μέγας,ADJ
9.1,,ἀκουσάντων,",",ἀκούω,VERB
9.1,,ὅτι,,ὅτι,SCONJ
9.1,,Πολύκαρπος,,Πολύκαρπος,NOUN
9.1,,συνείληπται,.,συλλαμβάνω,VERB
9.2,,προσαχθέντα,,προσαχθέντα,VERB
9.2,,οὖν,,οὖν,ADV
9.2,,αὐτὸν,,αὐτός,PRON
9.2,,ἀνηρώτα,,ἀνερωτάω,VERB
9.2,,ὁ,,ὁ,DET
9.2,,ἀνθύπατος,",",ἀνθύπατος,NOUN
9.2,,εἰ,,εἰ,SCONJ
9.2,,αὐτὸς,,αὐτός,ADJ
9.2,,εἴη,,εἰμί,AUX
9.2,,Πολύκαρπος,.,Πολύκαρπος,NOUN
9.2,,τοῦ,,ὁ,DET
9.2,,δὲ,,δέ,ADV
9.2,,ὁμολογοῦντος,",",ὁμολογέω,VERB
9.2,,ἔπειθεν,,πείθω,VERB
9.2,,ἀρνεῖσθαι,,ἀρνέομαι,VERB
9.2,,λέγων,·,λέγω,VERB
9.2,,Αἰδέσθητί,,αἰδέομαι,VERB
9.2,,σου,,σύ,PRON
9.2,,τὴν,,ὁ,DET
9.2,,ἡλικίαν,",",ἡλικία,NOUN
9.2,,καὶ,,καί,CCONJ
9.2,,ἕτερα,,ἕτερος,ADJ
9.2,,τούτοις,,οὗτος,PRON
9.2,,ἀκόλουθα,",",ἀκόλουθος,ADJ
9.2,,ὡς,,ὡς,SCONJ
9.2,,ἔθος,,ἔθος,NOUN
9.2,,αὐτοῖς,,αὐτός,PRON
9.2,,λέγειν,·,λέγω,VERB
9.2,,Ὄμοσον,,ὄμνυμι,VERB
9.2,,τὴν,,ὁ,DET
9.2,,Καίσαρος,,Καῖσαρ,NOUN
9.2,,τύχην,",",τύχη,NOUN
9.2,,μετανόησον,",",μετανοέω,VERB
9.2,,εἶπον,·,λέγω,VERB
9.2,,Αἶρε,,αἴρω,VERB
9.2,,τοὺς,,ὁ,DET
9.2,,ἀθέους,.,ἄθεος,ADJ
9.2,,ὁ,,ὁ,DET
9.2,,δὲ,,δέ,ADV
9.2,,Πολύκαρπος,,Πολύκαρπος,NOUN
9.2,,ἐμβριθεῖ,,ἐμβριθής,VERB
9.2,,τῷ,,ὁ,DET
9.2,,προσώπῳ,,πρόσωπον,NOUN
9.2,,εἰς,,εἰς,ADP
9.2,,πάντα,,πᾶς,ADJ
9.2,,τὸν,,ὁ,DET
9.2,,ὄχλον,,ὄχλος,NOUN
9.2,,τὸν,,ὁ,DET
9.2,,ἐν,,ἐν,ADP
9.2,,τῷ,,ὁ,DET
9.2,,σταδίῳ,,στάδιον,NOUN
9.2,,ἀνόμων,,ἄνομος,ADJ
9.2,,ἐθνῶν,,ἔθνος,NOUN
9.2,,ἐμβλέψας,,ἐμβλέπω,VERB
9.2,,καὶ,,καί,CCONJ
9.2,,ἐπισείσας,,ἐπισείω,VERB
9.2,,αὐτοῖς,,αὐτός,PRON
9.2,,τὴν,,ὁ,DET
9.2,,χεῖρα,",",χείρ,NOUN
9.2,,στενάξας,,στενάζω,VERB
9.2,,τε,,τε,ADV
9.2,,καὶ,,καί,CCONJ
9.2,,ἀναβλέψας,,ἀναβλέπω,VERB
9.2,,εἰς,,εἰς,ADP
9.2,,τὸν,,ὁ,DET
9.2,,οὐρανὸν,,οὐρανός,NOUN
9.2,,εἶπεν,·,εἶπον,VERB
9.2,,Αἶρε,,αἴρω,VERB
9.2,,τοὺς,,ὁ,DET
9.2,,ἀθέους,.,ἄθεος,ADJ
9.3,,ἐγκειμένου,,ἔγκειμαι,VERB
9.3,,δὲ,,δέ,ADV
9.3,,τοῦ,,ὁ,DET
9.3,,ἀνθυπάτου,,ἀνθύπατος,NOUN
9.3,,καὶ,,καί,CCONJ
9.3,,λέγοντος,·,λέγω,VERB
9.3,,Ὄμοσον,",",ὄμνυμι,VERB
9.3,,καὶ,,καί,CCONJ
9.3,,ἀπολύω,,ἀπολύω,VERB
9.3,,σε,",",σύ,PRON
9.3,,λοιδόρησον,,λοιδορέω,VERB
9.3,,τὸν,,ὁ,DET
9.3,,Χριστόν,",",χριστός,NOUN
9.3,,ἔφη,,φημί,VERB
9.3,,ὁ,,ὁ,DET
9.3,,Πολύκαρπος,·,Πολύκαρπος,NOUN
9.3,,Ὀγδοήκοντα,,ὀγδοήκοντα,NUM
9.3,,καὶ,,καί,CCONJ
9.3,,ἓξ,,ἕξ,NUM
9.3,,ἔτη,,ἔτος,NOUN
9.3,,δουλεύω,,δουλεύω,VERB
9.3,,αὐτῷ,",",αὐτός,PRON
9.3,,καὶ,,καί,CCONJ
9.3,,οὐδέν,,οὐδείς,ADJ
9.3,,με,,ἐγώ,PRON
9.3,,ἠδίκησεν,·,ἀδικέω,VERB
9.3,,καὶ,,καί,ADV
9.3,,πῶς,,πῶς,ADV
9.3,,δύναμαι,,δύναμαι,VERB
9.3,,βλασφημῆσαι,,βλασφημέω,VERB
9.3,,τὸν,,ὁ,DET
9.3,,βασιλέα,,βασιλεύς,NOUN
9.3,,μου,,ἐγώ,PRON
9.3,,τὸν,,ὁ,DET
9.3,,σώσαντά,,σώζω,VERB
9.3,,με,;,ἐγώ,PRON
10.1,,Ἐπιμένοντος,,ἐπιμένω,VERB
10.1,,δὲ,,δέ,ADV
10.1,,πάλιν,,πάλιν,ADV
10.1,,αὐτοῦ,,αὐτός,PRON
10.1,,καὶ,,καί,CCONJ
10.1,,λέγοντος,·,λέγω,VERB
10.1,,Ὄμοσον,,ὄμνυμι,VERB
10.1,,τὴν,,ὁ,DET
10.1,,Καίσαρος,,Καῖσαρ,NOUN
10.1,,τύχην,",",τύχη,NOUN
10.1,,ἀπεκρίνατο,·,ἀποκρίνω,VERB
10.1,,Εἰ,,εἰ,SCONJ
10.1,,κενοδοξεῖς,",",κενοδοξέω,VERB
10.1,,ἵνα,,ἵνα,SCONJ
10.1,,ὀμόσω,,ὄμνυμι,VERB
10.1,,τὴν,,ὁ,DET
10.1,,καίσαρος,,καῖσαρ,NOUN
10.1,,τύχην,",",τύχη,NOUN
10.1,,ὡς,,ὡς,ADV
10.1,,σὺ,,σύ,PRON
10.1,,λέγεις,",",λέγω,VERB
10.1,,προσποιεῖ,,προσποιέω,VERB
10.1,,δὲ,,δέ,CCONJ
10.1,,ἀγνοεῖν,,ἀγνοέω,VERB
10.1,,με,",",ἐγώ,PRON
10.1,,τίς,,τίς,X
10.1,,εἰμι,",",εἰμί,AUX
10.1,,μετὰ,,μετά,ADP
10.1,,παρρησίας,,παρρησία,NOUN
10.1,,ἄκουε,·,ἀκούω,VERB
10.1,,Χριστιανός,,Χριστιανός,NOUN
10.1,,εἰμι,.,εἰμί,AUX
10.1,,εἰ,,εἰ,SCONJ
10.1,,δὲ,,δέ,ADV
10.1,,θέλεις,,ἐθέλω,VERB
10.1,,τὸν,,ὁ,DET
10.1,,τοῦ,,ὁ,DET
10.1,,Χριστιανισμοῦ,,Χριστιανισμός,NOUN
10.1,,μαθεῖν,,μανθάνω,VERB
10.1,,λόγον,",",λόγος,NOUN
10.1,,δὸς,,δίδωμι,VERB
10.1,,ἡμέραν,,ἡμέρα,NOUN
10.1,,καὶ,,καί,CCONJ
10.1,,ἄκουσον,.,ἀκούω,VERB
10.2,,ἔφη,,φημί,VERB
10.2,,ὁ,,ὁ,DET
10.2,,ἀνθύπατος,·,ἀνθύπατος,NOUN
10.2,,Πεῖσον,,Πεῖσον,VERB
10.2,,τὸν,,ὁ,DET
10.2,,δῆμον,.,δῆμος,NOUN
10.2,,ὁ,,ὁ,DET
10.2,,δὲ,,δέ,ADV
10.2,,Πολύκαρπος,,Πολύκαρπος,NOUN
10.2,,εἶπεν,·,εἶπον,VERB
10.2,,Σὲ,,συ,PRON
10.2,,μὲν,,μέν,ADV
10.2,,κἂν,,κἀν,ADP
10.2,,λόγου,,λόγος,NOUN
10.2,,ἠξίωσα,·,ἀξιόω,VERB
10.2,,δεδιδάγμεθα,,διδάσκω,VERB
10.2,,γὰρ,,γάρ,ADV
10.2,,ἀρχαῖς,,ἀρχή,NOUN
10.2,,καὶ,,καί,CCONJ
10.2,,ἐξουσίαις,,ἐξουσία,NOUN
10.2,,ὑπὸ,,ὑπό,ADP
10.2,,τοῦ,,ὁ,DET
10.2,,θεοῦ,,θεός,NOUN
10.2,,τεταγμέναις,,τάσσω,VERB
10.2,,τιμὴν,,τιμή,NOUN
10.2,,κατὰ,,κατά,ADP
10.2,,τὸ,,ὁ,DET
10.2,,προσῆκον,",",προσήκω,VERB
10.2,,τὴν,,ὁ,DET
10.2,,μὴ,,μή,ADV
10.2,,βλάπτουσαν,,βλάπτω,VERB
10.2,,ἡμᾶς,",",ἐγώ,PRON
10.2,,ἀπονέμειν,·,ἀπονέμω,VERB
10.2,,ἐκείνους,,ἐκεῖνος,PRON
10.2,,δὲ,,δέ,ADV
10.2,,οὐχ,,οὐ,ADV
10.2,,ἡγοῦμαι,,ἡγέομαι,VERB
10.2,,ἀξίους,,ἄξιος,ADJ
10.2,,τοῦ,,ὁ,DET
10.2,,ἀπολογεῖσθαι,,ἀπολογέομαι,VERB
10.2,,αὐτοῖς,.,αὐτός,PRON
11.1,,Ὁ,,ὁ,DET
11.1,,δὲ,,δέ,ADV
11.1,,ἀνθύπατος,,ἀνθύπατος,NOUN
11.1,,εἶπεν,·,εἶπον,VERB
11.1,,Θηρία,,θηρίον,NOUN
11.1,,ἔχω,",",ἔχω,VERB
11.1,,τούτοις,,οὗτος,PRON
11.1,,σε,,σύ,PRON
11.1,,παραβαλῶ,",",παραβάλλω,VERB
11.1,,ἐὰν,,ἐάν,SCONJ
11.1,,μὴ,,μή,ADV
11.1,,μετανοήσῃς,.,μετανοέω,VERB
11.1,,ὁ,,ὁ,DET
11.1,,δὲ,,δέ,ADV
11.1,,εἶπεν,·,εἶπον,VERB
11.1,,Κάλει,",",καλέω,VERB
11.1,,ἀμετάθετος,,ἀμετάθετος,ADJ
11.1,,γὰρ,,γάρ,ADV
11.1,,ἡμῖν,,ἐγώ,PRON
11.1,,ἡ,,ὁ,DET
11.1,,ἀπὸ,,ἀπό,ADP
11.1,,τῶν,,ὁ,DET
11.1,,κρειττόνων,,κρείσσων,ADJ
11.1,,ἐπὶ,,ἐπί,ADP
11.1,,τὰ,,ὁ,DET
11.1,,χείρω,,χείρω,ADJ
11.1,,μετάνοια,·,μετάνοια,NOUN
11.1,,καλὸν,,καλός,ADJ
11.1,,δὲ,,δέ,ADV
11.1,,μετατίθεσθαι,,μετατίθημι,VERB
11.1,,ἀπὸ,,ἀπό,ADP
11.1,,τῶν,,ὁ,DET
11.1,,χαλεπῶν,,χαλεπός,ADJ
11.1,,ἐπὶ,,ἐπί,ADP
11.1,,τὰ,,ὁ,DET
11.1,,δίκαια,.,δίκαιος,ADJ
11.2,,ὁ,,ὁ,DET
11.2,,δὲ,,δέ,ADV
11.2,,πάλιν,,πάλιν,ADV
11.2,,πρὸς,,πρός,ADP
11.2,,αὐτόν,·,αὐτός,PRON
11.2,,Πυρί,,πῦρ,NOUN
11.2,,σε,,σύ,PRON
11.2,,ποιήσω,,ποιέω,VERB
11.2,,δαπανηθῆναι,",",δαπανάω,VERB
11.2,,εἰ,,εἰ,SCONJ
11.2,,τῶν,,ὁ,DET
11.2,,θηρίων,,θηρίον,NOUN
11.2,,καταφρονεῖς,",",καταφρονέω,VERB
11.2,,ἐὰν,,ἐάν,SCONJ
11.2,,μὴ,,μή,ADV
11.2,,μετανοήσῃς,.,μετανοέω,VERB
11.2,,ὁ,,ὁ,DET
11.2,,δὲ,,δέ,ADV
11.2,,Πολύκαρπος,,Πολύκαρπος,ADJ
11.2,,εἶπεν,·,εἶπον,VERB
11.2,,Πῦρ,,πῦρ,NOUN
11.2,,ἀπειλεῖς,,ἀπειλέω,VERB
11.2,,τὸ,,ὁ,DET
11.2,,πρὸς,,πρός,ADP
11.2,,ὥραν,,ὥρα,NOUN
11.2,,καιόμενον,,καίω,VERB
11.2,,καὶ,,καί,CCONJ
11.2,,μετ’,,μετά,ADP
11.2,,ὀλίγον,,ὀλίγος,ADJ
11.2,,σβεννύμενον,·,σβέννυμι,VERB
11.2,,ἀγνοεῖς,,ἀγνοέω,VERB
11.2,,γὰρ,,γάρ,ADV
11.2,,τὸ,,ὁ,DET
11.2,,τῆς,,ὁ,DET
11.2,,μελλούσης,,μέλλω,VERB
11.2,,κρίσεως,,κρίσις,NOUN
11.2,,καὶ,,καί,CCONJ
11.2,,αἰωνίου,,αἰώνιος,ADJ
11.2,,κολάσεως,,κόλασις,NOUN
11.2,,τοῖς,,ὁ,DET
11.2,,ἀσεβέσι,,ἀσεβής,ADJ
11.2,,τηρούμενον,,τηρέω,VERB
11.2,,πῦρ,.,πῦρ,NOUN
11.2,,ἀλλὰ,,ἀλλά,ADV
11.2,,τί,,τίς,PRON
11.2,,βραδύνεις,;,βραδύνω,VERB
11.2,,φέρε,",",φέρω,VERB
11.2,,ὃ,,ὅς,PRON
11.2,,βούλει,.,βούλομαι,VERB
12.1,,Ταῦτα,,οὗτος,ADJ
12.1,,δὲ,,δέ,ADV
12.1,,καὶ,,καί,ADV
12.1,,ἕτερα,,ἕτερος,ADJ
12.1,,πλείονα,,πλείων,ADJ
12.1,,λέγων,,λέγω,VERB
12.1,,θάρσους,,θάρσος,NOUN
12.1,,καὶ,,καί,CCONJ
12.1,,χαρᾶς,,χαρά,NOUN
12.1,,ἐνεπίμπλατο,",",ἐμπίπλημι,VERB
12.1,,καὶ,,καί,CCONJ
12.1,,τὸ,,ὁ,DET
12.1,,πρόσωπον,,πρόσωπον,NOUN
12.1,,αὐτοῦ,,αὐτός,PRON
12.1,,χάριτος,,χάρις,NOUN
12.1,,ἐπληροῦτο,",",πληρόω,VERB
12.1,,ὥστε,,ὥστε,SCONJ
12.1,,οὐ,,οὐ,ADV
12.1,,μόνον,,μόνος,ADJ
12.1,,μὴ,,μή,ADV
12.1,,συμπεσεῖν,,συμπίτνω,VERB
12.1,,ταραχθέντα,,ταράσσω,VERB
12.1,,ὑπὸ,,ὑπό,ADP
12.1,,τῶν,,ὁ,DET
12.1,,λεγομένων,,λέγω,VERB
12.1,,πρὸς,,πρός,ADP
12.1,,αὐτόν,",",αὐτός,PRON
12.1,,ἀλλὰ,,ἀλλά,CCONJ
12.1,,τοὐναντίον,,ἐναντίος,ADV
12.1,,τὸν,,ὁ,DET
12.1,,ἀνθύπατον,,ἀνθύπατος,NOUN
12.1,,ἐκστῆναι,",",ἐξίστημι,VERB
12.1,,πέμψαι,,πέμπω,VERB
12.1,,τε,,τε,CCONJ
12.1,,τὸν,,ὁ,DET
12.1,,ἑαυτοῦ,,ἑαυτοῦ,PRON
12.1,,κήρυκα,,κῆρυξ,NOUN
12.1,,ἐν,,ἐν,ADP
12.1,,μέσῳ,,μέσος,ADJ
12.1,,τοῦ,,ὁ,DET
12.1,,σταδίου,,στάδιον,NOUN
12.1,,κηρῦξαι,,κηρύσσω,VERB
12.1,,τρίς,·,τρίς,ADV
12.1,,Πολύκαρπος,,Πολύκαρπος,NOUN
12.1,,ὡμολόγησεν,,ὁμολογέω,VERB
12.1,,ἑαυτὸν,,ἑαυτοῦ,PRON
12.1,,Χριστιανὸν,,Χριστιανός,NOUN
12.1,,εἶναι,.,εἰμί,AUX
12.2,,τούτου,,οὗτος,PRON
12.2,,λεχθέντος,,λέγω,VERB
12.2,,ὑπὸ,,ὑπό,ADP
12.2,,τοῦ,,ὁ,DET
12.2,,κήρυκος,",",κῆρυξ,NOUN
12.2,,ἅπαν,,ἅπας,ADJ
12.2,,τὸ,,ὁ,DET
12.2,,πλῆθος,,πλῆθος,NOUN
12.2,,ἐθνῶν,,ἔθνος,NOUN
12.2,,τε,,τε,ADV
12.2,,καὶ,,καί,CCONJ
12.2,,Ἰουδαίων,,Ἰουδαῖος,NOUN
12.2,,τῶν,,ὁ,DET
12.2,,τὴν,,ὁ,DET
12.2,,Σμύρναν,,Σμύρνα,NOUN
12.2,,κατοικούντων,,κατοικέω,VERB
12.2,,ἀκατασχέτῳ,,ἀκατάσχετος,ADJ
12.2,,θυμῷ,,θυμός,NOUN
12.2,,καὶ,,καί,CCONJ
12.2,,μεγάλῃ,,μέγας,ADJ
12.2,,φωνῇ,,φωνή,NOUN
12.2,,ἐπεβόα,·,ἐπιβοάω,VERB
12.2,,Οὗτός,,οὗτος,PRON
12.2,,ἐστιν,,εἰμί,AUX
12.2,,ὁ,,ὁ,DET
12.2,,τῆς,,ὁ,DET
12.2,,Ἀσίας,,Ἀσία,NOUN
12.2,,διδάσκαλος,",",διδάσκαλος,NOUN
12.2,,ὁ,,ὁ,DET
12.2,,πατὴρ,,πατήρ,NOUN
12.2,,τῶν,,ὁ,DET
12.2,,Χριστιανῶν,",",Χριστιανός,NOUN
12.2,,ὁ,,ὁ,DET
12.2,,τῶν,,ὁ,DET
12.2,,ἡμετέρων,,ἡμέτερος,ADJ
12.2,,θεῶν,,θεός,NOUN
12.2,,καθαιρέτης,",",καθαιρέτης,NOUN
12.2,,ὁ,,ὁ,DET
12.2,,πολλοὺς,,πολύς,ADJ
12.2,,διδάσκων,,διδάσκω,VERB
12.2,,μὴ,,μή,ADV
12.2,,θύειν,,θύω,VERB
12.2,,μηδὲ,,μηδέ,CCONJ
12.2,,προσκυνεῖν,.,προσκυνέω,VERB
12.2,,ταῦτα,,οὗτος,PRON
12.2,,λέγοντες,,λέγω,VERB
12.2,,ἐπεβόων,,ἐπιβοάω,VERB
12.2,,καὶ,,καί,CCONJ
12.2,,ἠρώτων,,ἐρωτάω,VERB
12.2,,τὸν,,ὁ,DET
12.2,,Ἀσιάρχην,,Ἀσιάρχης,NOUN
12.2,,Φίλιππον,",",Φίλιππος,NOUN
12.2,,ἵνα,,ἵνα,SCONJ
12.2,,ἐπαφῇ,,ἐπαφέω,VERB
12.2,,τῷ,,ὁ,DET
12.2,,Πολυκάρπῳ,,Πολυκάρπῳ,ADJ
12.2,,λέοντα,.,λέων,NOUN
12.2,,ὁ,,ὁ,DET
12.2,,δὲ,,δέ,ADV
12.2,,ἔφη,",",φημί,VERB
12.2,,μὴ,,μή,ADV
12.2,,εἶναι,,εἰμί,AUX
12.2,,ἐξὸν,,ἔξεστι,VERB
12.2,,αὐτῷ,",",αὐτός,PRON
12.2,,ἐπειδὴ,,ἐπεί,CCONJ
12.2,,πεπληρώκει,,πληρόω,VERB
12.2,,τὰ,,ὁ,DET
12.2,,κυνηγέσια,.,κυνηγέσιον,NOUN
12.3,,τότε,,τότε,ADV
12.3,,ἔδοξεν,,δοκέω,VERB
12.3,,αὐτοῖς,,αὐτός,PRON
12.3,,ὁμοθυμαδὸν,,ὁμοθυμαδόν,ADV
12.3,,ἐπιβοῆσαι,",",ἐπιβοάω,VERB
12.3,,ὥστε,,ὥστε,SCONJ
12.3,,τὸν,,ὁ,DET
12.3,,Πολύκαρπον,,Πολύκαρπος,NOUN
12.3,,ζῶντα,,ζάω,VERB
12.3,,κατακαῦσαι,.,κατακαίω,VERB
12.3,,ἔδει,,δεῖ,VERB
12.3,,γὰρ,,γάρ,ADV
12.3,,τὸ,,ὁ,DET
12.3,,τῆς,,ὁ,DET
12.3,,φανερωθείσης,,φανερόω,VERB
12.3,,αὐτῷ,,αὐτός,PRON
12.3,,ἐπὶ,,ἐπί,ADP
12.3,,τοῦ,,ὁ,DET
12.3,,προσκεφαλαίου,,προσκεφάλαιον,NOUN
12.3,,ὀπτασίας,,ὀπτασία,NOUN
12.3,,πληρωθῆναι,",",πληρόω,VERB
12.3,,ὅτε,,ὅτε,SCONJ
12.3,,ἰδὼν,,εἶδον,VERB
12.3,,αὐτὸ,,αὐτός,PRON
12.3,,καιόμενον,,καίω,VERB
12.3,,προσευχόμενος,,προσεύχομαι,VERB
12.3,,εἶπεν,,εἶπον,VERB
12.3,,ἐπιστραφεὶς,,ἐπιστρέφω,VERB
12.3,,τοῖς,,ὁ,DET
12.3,,σὺν,,σύν,ADP
12.3,,αὐτῷ,,αὐτός,PRON
12.3,,πιστοῖς,,πιστός,ADJ
12.3,,προφητικῶς,·,προφητικός,ADV
12.3,,Δεῖ,,δει,VERB
12.3,,με,,ἐγώ,PRON
12.3,,ζῶντα,,ζάω,VERB
12.3,,καῆναι,.,καίω,VERB
13.1,,Ταῦτα,,οὗτος,PRON
13.1,,οὖν,,οὖν,ADV
13.1,,μετὰ,,μετά,ADP
13.1,,τοσούτου,,τοσοῦτος,ADJ
13.1,,τάχους,,τάχος,NOUN
13.1,,ἐγένετο,",",γίγνομαι,VERB
13.1,,θάττον,,θάσσω,ADJ
13.1,,ἢ,,ἤ,ADV
13.1,,ἐλέγετο,",",λέγω,VERB
13.1,,τῶν,,ὁ,DET
13.1,,ὄχλων,,ὄχλος,NOUN
13.1,,παραχρῆμα,,παραχρῆμα,ADV
13.1,,συναγόντων,,συνάγω,VERB
13.1,,ἔκ,,ἐκ,ADP
13.1,,τε,,τε,ADV
13.1,,τῶν,,ὁ,DET
13.1,,ἐργαστηρίων,,ἐργαστήριον,NOUN
13.1,,καὶ,,καί,CCONJ
13.1,,βαλανείων,,βαλανεῖον,NOUN
13.1,,ξύλα,,ξύλον,NOUN
13.1,,καὶ,,καί,CCONJ
13.1,,φρύγανα,",",φρύγανον,NOUN
13.1,,μάλιστα,,μάλιστα,ADV
13.1,,Ἰουδαίων,,Ἰουδαῖος,NOUN
13.1,,προθύμως,",",πρόθυμος,ADV
13.1,,ὡς,,ὡς,SCONJ
13.1,,ἔθος,,ἔθος,NOUN
13.1,,αὐτοῖς,",",αὐτός,PRON
13.1,,εἰς,,εἰς,ADP
13.1,,ταῦτα,,οὗτος,PRON
13.1,,ὑπουργούντων,.,ὑπουργέω,VERB
13.2,,ὅτε,,ὅτε,SCONJ
13.2,,δὲ,,δέ,ADV
13.2,,ἡ,,ὁ,DET
13.2,,πυρκαϊὰ,,πυρκαϊὰ,NOUN
13.2,,ἡτοιμάσθη,",",ἑτοιμάζω,VERB
13.2,,ἀποθέμενος,,ἀποτίθημι,VERB
13.2,,ἑαυτῷ,,ἑαυτοῦ,PRON
13.2,,πάντα,,πᾶς,ADJ
13.2,,τὰ,,ὁ,DET
13.2,,ἱμάτια,,ἱμάτιον,NOUN
13.2,,καὶ,,καί,CCONJ
13.2,,λύσας,,λύω,VERB
13.2,,τὴν,,ὁ,DET
13.2,,ζώνην,,ζώνη,NOUN
13.2,,ἐπειρᾶτο,,πειράω,VERB
13.2,,καὶ,,καί,ADV
13.2,,ὑπολύειν,,ὑπολύω,VERB
13.2,,ἑαυτόν,",",ἑαυτοῦ,PRON
13.2,,μὴ,,μή,ADV
13.2,,πρότερον,,πρότερος,ADJ
13.2,,τοῦτο,,οὗτος,PRON
13.2,,ποιῶν,,ποιέω,VERB
13.2,,διὰ,,διά,ADP
13.2,,τὸ,,ὁ,DET
13.2,,ἀεὶ,,ἀεί,ADV
13.2,,ἕκαστον,,ἕκαστος,ADJ
13.2,,τῶν,,ὁ,DET
13.2,,πιστῶν,,πιστός,ADJ
13.2,,σπουδάζειν,",",σπουδάζω,VERB
13.2,,ὅστις,,ὅστις,PRON
13.2,,τάχιον,,τάχα,ADJ
13.2,,τοῦ,,ὁ,DET
13.2,,χρωτὸς,,χρώς,NOUN
13.2,,αὐτοῦ,,αὐτός,PRON
13.2,,ἅψηται,·,ἅπτω,VERB
13.2,,παντὶ,,πᾶς,ADJ
13.2,,γὰρ,,γάρ,ADV
13.2,,καλῷ,,καλός,ADJ
13.2,,ἀγαθῆς,,ἀγαθός,ADJ
13.2,,ἕνεκεν,,ἕνεκα,ADP
13.2,,πολιτείας,,πολιτεία,NOUN
13.2,,καὶ,,καί,CCONJ
13.2,,πρὸ,,πρό,ADP
13.2,,τῆς,,ὁ,DET
13.2,,μαρτυρίας,,μαρτυρία,NOUN
13.2,,ἐκεκόσμητο,.,κοσμέω,VERB
13.3,,εὐθέως,,εὐθέως,ADV
13.3,,οὖν,,οὖν,ADV
13.3,,αὐτῷ,,αὐτός,PRON
13.3,,περιετίθετο,,περιτίθημι,VERB
13.3,,τὰ,,ὁ,DET
13.3,,πρὸς,,πρός,ADP
13.3,,τὴν,,ὁ,DET
13.3,,πυρὰν,,πυρή,NOUN
13.3,,ἡρμοσμένα,,ἁρμόζω,VERB
13.3,,ὄργανα,.,ὄργανον,NOUN
13.3,,μελλόντων,,μέλλω,VERB
13.3,,δὲ,,δέ,ADV
13.3,,αὐτῶν,,αὐτός,PRON
13.3,,καὶ,,καί,ADV
13.3,,προσηλοῦν,",",προσηλόω,VERB
13.3,,εἶπεν,·,εἶπον,VERB
13.3,,Ἄφετέ,,Ἄφετέ,VERB
13.3,,με,,ἐγώ,PRON
13.3,,οὕτως,·,οὕτως,ADV
13.3,,ὁ,,ὁ,DET
13.3,,γὰρ,,γάρ,ADV
13.3,,δοὺς,,δίδωμι,VERB
13.3,,ὑπομεῖναι,,ὑπομένω,VERB
13.3,,τὸ,,ὁ,DET
13.3,,πῦρ,,πῦρ,NOUN
13.3,,δώσει,,δίδωμι,VERB
13.3,,χωρὶς,,χωρίς,ADP
13.3,,τῆς,,ὁ,DET
13.3,,ὑμετέρας,,ὑμέτερος,ADJ
13.3,,ἐκ,,ἐκ,ADP
13.3,,τῶν,,ὁ,DET
13.3,,ἥλων,,ἧλος,NOUN
13.3,,ἀσφαλείας,,ἀσφάλεια,NOUN
13.3,,ἄσκυλτον,,ἄσκυλτος,NOUN
13.3,,ἐπιμεῖναι,,ἐπιμένω,VERB
13.3,,τῇ,,ὁ,DET
13.3,,πυρᾷ,.,πυρή,NOUN
14.1,,Οἱ,,ὁ,DET
14.1,,δὲ,,δέ,ADV
14.1,,οὐ,,οὐ,ADV
14.1,,καθήλωσαν,,καθηλόω,VERB
14.1,,μέν,",",μέν,ADV
14.1,,προσέδησαν,,προσαδέω,VERB
14.1,,δὲ,,δέ,CCONJ
14.1,,αὐτόν,.,αὐτός,PRON
14.1,,ὁ,,ὁ,DET
14.1,,δὲ,,δέ,ADV
14.1,,ὀπίσω,,ὀπίσω,ADV
14.1,,τὰς,,ὁ,DET
14.1,,χεῖρας,,χείρ,NOUN
14.1,,ποιήσας,,ποιέω,VERB
14.1,,καὶ,,καί,CCONJ
14.1,,προσδεθείς,",",προσδέω1,VERB
14.1,,ὥσπερ,,ὥσπερ,ADV
14.1,,κριὸς,,κριός,NOUN
14.1,,ἐπίσημος,,ἐπίσημος,ADJ
14.1,,ἐκ,,ἐκ,ADP
14.1,,μεγάλου,,μέγας,ADJ
14.1,,ποιμνίου,,ποίμνιον,NOUN
14.1,,εἰς,,εἰς,ADP
14.1,,προσφοράν,",",προσφορά,NOUN
14.1,,ὁλοκαύτωμα,,ὁλοκαύτωμα,NOUN
14.1,,δεκτὸν,,δεκτός,ADJ
14.1,,τῷ,,ὁ,DET
14.1,,θεῷ,,θεός,NOUN
14.1,,ἡτοιμασμένον,",",ἑτοιμάζω,VERB
14.1,,ἀναβλέψας,,ἀναβλέπω,VERB
14.1,,εἰς,,εἰς,ADP
14.1,,τὸν,,ὁ,DET
14.1,,οὐρανὸν,,οὐρανός,NOUN
14.1,,εἶπεν,·,εἶπον,VERB
14.1,,Κύριε,,κύριος,NOUN
14.1,,ὁ,,ὁ,DET
14.1,,θεὸς,,θεός,NOUN
14.1,,ὁ,,ὁ,DET
14.1,,παντοκράτωρ,",",παντοκράτωρ,NOUN
14.1,,ὁ,,ὁ,DET
14.1,,τοῦ,,ὁ,DET
14.1,,ἀγαπητοῦ,,ἀγαπητός,ADJ
14.1,,καὶ,,καί,CCONJ
14.1,,εὐλογητοῦ,,εὐλογητός,ADJ
14.1,,παιδός,,παῖς,NOUN
14.1,,σου,,σύ,PRON
14.1,,Ἰησοῦ,,Ἰησοῦς,PROPN
14.1,,Χριστοῦ,,χριστός,PROPN
14.1,,πατήρ,",",πατήρ,NOUN
14.1,,δι’,,διά,ADP
14.1,,οὗ,,ὅς,PRON
14.1,,τὴν,,ὁ,DET
14.1,,περὶ,,περί,ADP
14.1,,σοῦ,,σύ,PRON
14.1,,ἐπίγνωσιν,,ἐπίγνωσις,NOUN
14.1,,εἰλήφαμεν,",",λαμβάνω,VERB
14.1,,ὁ,,ὁ,DET
14.1,,θεὸς,,θεός,NOUN
14.1,,ἀγγέλων,,ἄγγελος,NOUN
14.1,,καὶ,,καί,ADV
14.1,,δυνάμεων,,δύναμις,NOUN
14.1,,καὶ,,καί,CCONJ
14.1,,πάσης,,πᾶς,ADJ
14.1,,τῆς,,ὁ,DET
14.1,,κτίσεως,,κτίσις,NOUN
14.1,,παντός,,πᾶς,ADJ
14.1,,τε,,τε,CCONJ
14.1,,τοῦ,,ὁ,DET
14.1,,γένους,,γένος,NOUN
14.1,,τῶν,,ὁ,DET
14.1,,δικαίων,",",δίκαιος,ADJ
14.1,,οἳ,,ὁ,PRON
14.1,,ζῶσιν,,ζάω,VERB
14.1,,ἐνώπιόν,,ἐνώπιος,ADP
14.1,,σου,·,σύ,PRON
14.2,,εὐλογῶ,,εὐλογέω,VERB
14.2,,σε,",",σύ,PRON
14.2,,ὅτι,,ὅτι,SCONJ
14.2,,ἠξίωσάς,,ἠξίωσάς,VERB
14.2,,με,,ἐγώ,PRON
14.2,,τῆς,,ὁ,DET
14.2,,ἡμέρας,,ἡμέρα,NOUN
14.2,,καὶ,,καί,CCONJ
14.2,,ὥρας,,ὥρα,NOUN
14.2,,ταύτης,",",οὗτος,ADJ
14.2,,τοῦ,,ὁ,DET
14.2,,λαβεῖν,,λαμβάνω,VERB
14.2,,με,,ἐγώ,PRON
14.2,,μέρος,,μέρος,NOUN
14.2,,ἐν,,ἐν,ADP
14.2,,ἀριθμῷ,,ἀριθμός,NOUN
14.2,,τῶν,,ὁ,DET
14.2,,μαρτύρων,,μάρτυς,NOUN
14.2,,ἐν,,ἐν,ADP
14.2,,τῷ,,ὁ,DET
14.2,,ποτηρίῳ,,ποτήριον,NOUN
14.2,,τοῦ,,ὁ,DET
14.2,,Χριστοῦ,,χριστός,NOUN
14.2,,σου,,σύ,PRON
14.2,,εἰς,,εἰς,ADP
14.2,,ἀνάστασιν,,ἀνάστασις,NOUN
14.2,,ζωῆς,,ζωή,NOUN
14.2,,αἰωνίου,,αἰώνιος,ADJ
14.2,,ψυχῆς,,ψυχή,NOUN
14.2,,τε,,τε,CCONJ
14.2,,καὶ,,καί,CCONJ
14.2,,σώματος,,σῶμα,NOUN
14.2,,ἐν,,ἐν,ADP
14.2,,ἀφθαρσίᾳ,,ἀφθαρσία,NOUN
14.2,,πνεύματος,,πνεῦμα,NOUN
14.2,,ἁγίου,·,ἅγιος,ADJ
14.2,,ἐν,,ἐν,ADP
14.2,,οἷς,,ὅς,PRON
14.2,,προσδεχθείην,,προσδέχομαι,VERB
14.2,,ἐνώπιόν,,ἐνώπιος,ADP
14.2,,σου,,σύ,PRON
14.2,,σήμερον,,σήμερον,ADV
14.2,,ἐν,,ἐν,ADP
14.2,,θυσίᾳ,,θυσία,NOUN
14.2,,πίονι,,πίων,ADJ
14.2,,καὶ,,καί,CCONJ
14.2,,προσδεκτῇ,",",προσδεκτός,ADJ
14.2,,καθὼς,,καθώς,ADV
14.2,,προητοίμασας,,προετοιμάζω,VERB
14.2,,καὶ,,καί,CCONJ
14.2,,προεφανέρωσας,,πρό-φανερόω,VERB
14.2,,καὶ,,καί,CCONJ
14.2,,ἐπλήρωσας,",",πληρόω,VERB
14.2,,ὁ,,ὁ,DET
14.2,,ἀψευδὴς,,ἀψευδής,ADJ
14.2,,καὶ,,καί,CCONJ
14.2,,ἀληθινὸς,,ἀληθινός,ADJ
14.2,,θεός,.,θεός,NOUN
14.3,,διὰ,,διά,ADP
14.3,,τοῦτο,,οὗτος,PRON
14.3,,καὶ,,καί,ADV
14.3,,περὶ,,περί,ADP
14.3,,πάντων,,πᾶς,ADJ
14.3,,σὲ,,σύ,PRON
14.3,,αἰνῶ,",",αἰνέω,VERB
14.3,,σὲ,,σύ,PRON
14.3,,εὐλογῶ,",",εὐλογέω,VERB
14.3,,σὲ,,σύ,PRON
14.3,,δοξάζω,,δοξάζω,VERB
14.3,,διὰ,,διά,ADP
14.3,,τοῦ,,ὁ,DET
14.3,,αἰωνίου,,αἰώνιος,ADJ
14.3,,καὶ,,καί,CCONJ
14.3,,ἐπουρανίου,,ἐπουράνιος,ADJ
14.3,,ἀρχιερέως,,ἀρχιερεύς,NOUN
14.3,,Ἰησοῦ,,Ἰησοῦς,PROPN
14.3,,Χριστοῦ,",",χριστός,PROPN
14.3,,ἀγαπητοῦ,,ἀγαπητός,ADJ
14.3,,σου,,σύ,PRON
14.3,,παιδός,",",παῖς,NOUN
14.3,,δι’,,διά,ADP
14.3,,οὗ,,ὅς,PRON
14.3,,σοὶ,,σύ,PRON
14.3,,σὺν,,σύν,ADP
14.3,,αὐτῷ,,αὐτός,PRON
14.3,,καὶ,,καί,CCONJ
14.3,,πνεύματι,,πνεῦμα,NOUN
14.3,,ἁγίῳ,,ἅγιος,ADJ
14.3,,δόξα,,δόξα,NOUN
14.3,,καὶ,,καί,CCONJ
14.3,,νῦν,,νῦν,ADV
14.3,,καὶ,,καί,CCONJ
14.3,,εἰς,,εἰς,ADP
14.3,,τοὺς,,ὁ,DET
14.3,,μέλλοντας,,μέλλω,VERB
14.3,,αἰῶνας,.,αἰών,NOUN
14.3,,ἀμήν,.,ἀμήν,INTJ
15.1,,Ἀναπέμψαντος,,ἀναπέμπω,VERB
15.1,,δὲ,,δέ,ADV
15.1,,αὐτοῦ,,αὐτός,PRON
15.1,,τὸ,,ὁ,DET
15.1,,ἀμὴν,,ἀμήν,NOUN
15.1,,καὶ,,καί,CCONJ
15.1,,πληρώσαντος,,πληρόω,VERB
15.1,,τὴν,,ὁ,DET
15.1,,εὐχήν,",",εὐχή,NOUN
15.1,,οἱ,,ὁ,DET
15.1,,τοῦ,,ὁ,DET
15.1,,πυρὸς,,πῦρ,NOUN
15.1,,ἄνθρωποι,,ἄνθρωπος,NOUN
15.1,,ἐξῆψαν,,ἐξάπτω,VERB
15.1,,τὸ,,ὁ,DET
15.1,,πῦρ,.,πῦρ,NOUN
15.1,,μεγάλης,,μέγας,ADJ
15.1,,δὲ,,δέ,ADV
15.1,,ἐκλαμψάσης,,ἐκλάμπω,VERB
15.1,,φλογός,",",φλόξ,NOUN
15.1,,θαῦμα,,θαῦμα,NOUN
15.1,,εἴδομεν,",",ὁράω,VERB
15.1,,οἷς,,ὅς,PRON
15.1,,ἰδεῖν,,εἶδον,VERB
15.1,,ἐδόθη,·,δίδωμι,VERB
15.1,,οἳ,,ὁ,DET
15.1,,καὶ,,καί,ADV
15.1,,ἐτηρήθημεν,,τηρέω,VERB
15.1,,εἰς,,εἰς,ADP
15.1,,τὸ,,ὁ,DET
15.1,,ἀναγγεῖλαι,,ἀναγγέλλω,VERB
15.1,,τοῖς,,ὁ,DET
15.1,,λοιποῖς,,λοιπός,ADJ
15.1,,τὰ,,ὁ,DET
15.1,,γενόμενα,.,γίγνομαι,VERB
15.2,,τὸ,,ὁ,DET
15.2,,γὰρ,,γάρ,ADV
15.2,,πῦρ,,πῦρ,NOUN
15.2,,καμάρας,,καμάρα,NOUN
15.2,,εἶδος,,εἶδος,NOUN
15.2,,ποιῆσαν,",",ποιέω,VERB
15.2,,ὥσπερ,,ὥσπερ,ADV
15.2,,ὀθόνη,,ὀθόνη,NOUN
15.2,,πλοίου,,πλοῖον,NOUN
15.2,,ὑπὸ,,ὑπό,ADP
15.2,,πνεύματος,,πνεῦμα,NOUN
15.2,,πληρουμένη,",",πληρόω,VERB
15.2,,κύκλῳ,,κύκλος,ADV
15.2,,περιετείχισεν,,περιτειχίζω,VERB
15.2,,τὸ,,ὁ,DET
15.2,,σῶμα,,σῶμα,NOUN
15.2,,τοῦ,,ὁ,DET
15.2,,μάρτυρος,·,μάρτυρος,NOUN
15.2,,καὶ,,καί,ADV
15.2,,ἦν,,εἰμί,AUX
15.2,,μέσον,,μέσος,ADJ
15.2,,οὐχ,,οὐ,ADV
15.2,,ὡς,,ὡς,ADV
15.2,,σὰρξ,,σάρξ,NOUN
15.2,,καιομένη,",",καίω,VERB
15.2,,ἀλλ’,,ἀλλά,CCONJ
15.2,,ὡς,,ὡς,ADV
15.2,,ἄρτος,,ἄρτος,NOUN
15.2,,ὀπτώμενος,,ὀπτάω,VERB
15.2,,ἢ,,ἤ,CCONJ
15.2,,ὡς,,ὡς,ADV
15.2,,χρυσὸς,,χρυσός,NOUN
15.2,,καὶ,,καί,CCONJ
15.2,,ἄργυρος,,ἄργυρος,NOUN
15.2,,ἐν,,ἐν,ADP
15.2,,καμίνῳ,,κάμινος,NOUN
15.2,,πυρούμενος,.,πυρόω,VERB
15.2,,καὶ,,καί,ADV
15.2,,γὰρ,,γάρ,ADV
15.2,,εὐωδίας,,εὐωδία,NOUN
15.2,,τοσαύτης,,τοσοῦτος,ADJ
15.2,,ἀντελαβόμεθα,",",ἀντιλαμβάνω,VERB
15.2,,ὡς,,ὡς,ADV
15.2,,λιβανωτοῦ,,λιβανωτός,NOUN
15.2,,πνέοντος,,πνέω,VERB
15.2,,ἢ,,ἤ,CCONJ
15.2,,ἄλλου,,ἄλλος,ADJ
15.2,,τινὸς,,τις,ADJ
15.2,,τῶν,,ὁ,DET
15.2,,τιμίων,,τιμιος,ADJ
15.2,,ἀρωμάτων,.,ἄρωμα,NOUN
16.1,,Πέρας,,περας,NOUN
16.1,,γοῦν,,γοῦν,ADV
16.1,,ἰδόντες,,εἶδον,VERB
16.1,,οἱ,,ὁ,DET
16.1,,ἄνομοι,,ἄνομος,ADJ
16.1,,μὴ,,μή,ADV
16.1,,δυνάμενον,,δύναμαι,VERB
16.1,,αὐτοῦ,,αὐτός,PRON
16.1,,τὸ,,ὁ,DET
16.1,,σῶμα,,σῶμα,NOUN
16.1,,ὑπὸ,,ὑπό,ADP
16.1,,τοῦ,,ὁ,DET
16.1,,πυρὸς,,πῦρ,NOUN
16.1,,δαπανηθῆναι,",",δαπανάω,VERB
16.1,,ἐκέλευσαν,,κελεύω,VERB
16.1,,προσελθόντα,,προσέρχομαι,VERB
16.1,,αὐτῷ,,αὐτός,PRON
16.1,,κομφέκτορα,,κομφέκτωρ,NOUN
16.1,,παραβῦσαι,,παραβύω,VERB
16.1,,ξιφίδιον,.,ξιφίδιον,NOUN
16.1,,καὶ,,καί,ADV
16.1,,τοῦτο,,οὗτος,PRON
16.1,,ποιήσαντος,",",ποιέω,VERB
16.1,,ἐξῆλθεν,,ἐξέρχομαι,VERB
16.1,,περιστερὰ,,περιστερά,NOUN
16.1,,καὶ,,καί,CCONJ
16.1,,πλῆθος,,πλῆθος,NOUN
16.1,,αἵματος,",",αἷμα,NOUN
16.1,,ὥστε,,ὥστε,SCONJ
16.1,,κατασβέσαι,,κατασβέννυμι,VERB
16.1,,τὸ,,ὁ,DET
16.1,,πῦρ,,πῦρ,NOUN
16.1,,καὶ,,καί,CCONJ
16.1,,θαυμάσαι,,θαυμάζω,VERB
16.1,,πάντα,,πᾶς,ADJ
16.1,,τὸν,,ὁ,DET
16.1,,ὄχλον,",",ὄχλος,NOUN
16.1,,εἰ,,εἰ,SCONJ
16.1,,τοσαύτη,,τοσοῦτος,ADJ
16.1,,τις,,τις,PRON
16.1,,διαφορὰ,,διαφορά,NOUN
16.1,,μεταξὺ,,μεταξύ,ADP
16.1,,τῶν,,ὁ,DET
16.1,,τε,,τε,ADV
16.1,,ἀπίστων,,ἄπιστος,ADJ
16.1,,καὶ,,καί,CCONJ
16.1,,τῶν,,ὁ,DET
16.1,,ἐκλεκτῶν,·,ἐκλεκτός,ADJ
16.2,,ὧν,,ὅς,AUX
16.2,,εἷς,,εἷς,ADP
16.2,,καὶ,,καί,ADV
16.2,,οὗτος,,οὗτος,PRON
16.2,,γεγόνει,,γίγνομαι,VERB
16.2,,ὁ,,ὁ,DET
16.2,,θαυμασιώτατος,,θαυμάσιος,ADJ
16.2,,μάρτυς,,μάρτυς,NOUN
16.2,,Πολύκαρπος,",",Πολύκαρπος,NOUN
16.2,,ἐν,,ἐν,ADP
16.2,,τοῖς,,ὁ,DET
16.2,,καθ’,,κατά,ADP
16.2,,ἡμᾶς,,ἐγώ,PRON
16.2,,χρόνοις,,χρόνος,NOUN
16.2,,διδάσκαλος,,διδάσκαλος,NOUN
16.2,,ἀποστολικὸς,,ἀποστολικός,ADJ
16.2,,καὶ,,καί,CCONJ
16.2,,προφητικὸς,,προφητικός,ADJ
16.2,,γενόμενος,",",γίγνομαι,VERB
16.2,,ἐπίσκοπος,,ἐπίσκοπος,NOUN
16.2,,τῆς,,ὁ,DET
16.2,,ἐν,,ἐν,ADP
16.2,,Σμύρνῃ,,Σμύρνη,NOUN
16.2,,καθολικῆς,,καθολικός,ADJ
16.2,,ἐκκλησίας,.,ἐκκλησία,NOUN
16.2,,πᾶν,,πᾶς,ADJ
16.2,,γὰρ,,γάρ,ADV
16.2,,ῥῆμα,",",ῥῆμα,NOUN
16.2,,ὃ,,ὅς,PRON
16.2,,ἀφῆκεν,,ἀφίημι,VERB
16.2,,ἐκ,,ἐκ,ADP
16.2,,τοῦ,,ὁ,DET
16.2,,στόματος,,στόμα,NOUN
16.2,,αὐτοῦ,",",αὐτός,PRON
16.2,,καὶ,,καί,ADV
16.2,,ἐτελειώθη,,τελειόω,VERB
16.2,,καὶ,,καί,CCONJ
16.2,,τελειωθήσεται,.,τελειόω,VERB
17.1,,Ὁ,,ὁ,DET
17.1,,δὲ,,δέ,ADV
17.1,,ἀντίζηλος,,ἀντίζηλος,ADJ
17.1,,καὶ,,καί,CCONJ
17.1,,βάσκανος,,βάσκανος,ADJ
17.1,,καὶ,,καί,CCONJ
17.1,,πονηρός,",",πονηρός,ADJ
17.1,,ὁ,,ὁ,DET
17.1,,ἀντικείμενος,,ἀντίκειμαι,VERB
17.1,,τῷ,,ὁ,DET
17.1,,γένει,,γένος,NOUN
17.1,,τῶν,,ὁ,DET
17.1,,δικαίων,",",δίκαιος,ADJ
17.1,,ἰδὼν,,εἶδον,VERB
17.1,,τό,,ὁ,DET
17.1,,τε,,τε,CCONJ
17.1,,μέγεθος,,μέγεθος,NOUN
17.1,,αὐτοῦ,,αὐτός,PRON
17.1,,τῆς,,ὁ,DET
17.1,,μαρτυρίας,,μαρτυρία,NOUN
17.1,,καὶ,,καί,CCONJ
17.1,,τὴν,,ὁ,DET
17.1,,ἀπ,’,ἀπό,ADP
17.1,,ἀρχῆς,,ἀρχή,NOUN
17.1,,ἀνεπίληπτον,,ἀνεπίληπτος,ADJ
17.1,,πολιτείαν,",",πολιτεία,NOUN
17.1,,ἐστεφανωμένον,,στεφανόω,VERB
17.1,,τε,,τε,ADV
17.1,,τὸν,,ὁ,DET
17.1,,τῆς,,ὁ,DET
17.1,,ἀφθαρσίας,,ἀφθαρσία,NOUN
17.1,,στέφανον,,στέφανος,NOUN
17.1,,καὶ,,καί,CCONJ
17.1,,βραβεῖον,,βραβεῖον,NOUN
17.1,,ἀναντίρρητον,,ἀναντίρρητος,ADJ
17.1,,ἀπενηνεγμένον,",",ἀποφέρω,VERB
17.1,,ἐπετήδευσεν,",",ἐπιτηδεύω,VERB
17.1,,ὡς,,ὡς,ADV
17.1,,μηδὲ,,μηδέ,ADV
17.1,,τὸ,,ὁ,DET
17.1,,σωμάτιον,,σωμάτιον,NOUN
17.1,,αὐτοῦ,,αὐτός,PRON
17.1,,ὑφ’,,ὑπό,ADP
17.1,,ἡμῶν,,ἐγώ,PRON
17.1,,ληφθῆναι,",",λαμβάνω,VERB
17.1,,καίπερ,,καίπερ,ADV
17.1,,πολλῶν,,πολύς,ADJ
17.1,,ἐπιθυμούντων,,ἐπιθυμέω,VERB
17.1,,τοῦτο,,οὗτος,ADJ
17.1,,ποιῆσαι,,ποιέω,VERB
17.1,,καὶ,,καί,CCONJ
17.1,,κοινωνῆσαι,,κοινωνέω,VERB
17.1,,τῷ,,ὁ,DET
17.1,,ἁγίῳ,,ἅγιος,ADJ
17.1,,αὐτοῦ,,αὐτός,PRON
17.1,,σαρκίῳ,.,σαρκίον,NOUN
17.2,,ὑπέβαλεν,,ὑποβάλλω,VERB
17.2,,γοῦν,,γοῦν,ADV
17.2,,Νικήτην,,Νικήτης,NOUN
17.2,,τὸν,,ὁ,DET
17.2,,τοῦ,,ὁ,DET
17.2,,Ἡρώδου,,Ἡρώδης,NOUN
17.2,,πατέρα,",",πατήρ,NOUN
17.2,,ἀδελφὸν,,ἀδελφός,NOUN
17.2,,δὲ,,δέ,CCONJ
17.2,,Ἄλκης,",",Ἄλκης,NOUN
17.2,,ἐντυχεῖν,,ἐντυγχάνω,VERB
17.2,,τῷ,,ὁ,DET
17.2,,ἄρχοντι,",",ἄρχων,NOUN
17.2,,ὥστε,,ὥστε,SCONJ
17.2,,μὴ,,μή,ADV
17.2,,δοῦναι,,δίδωμι,VERB
17.2,,αὐτοῦ,,αὐτός,PRON
17.2,,τὸ,,ὁ,DET
17.2,,σῶμα,·,σῶμα,NOUN
17.2,,μή,",",μή,ADV
17.2,,φησίν,",",φημί,VERB
17.2,,ἀφέντες,,ἀφίημι,VERB
17.2,,τὸν,,ὁ,DET
17.2,,ἐσταυρωμένον,,σταυρόω,VERB
17.2,,τοῦτον,,οὗτος,PRON
17.2,,ἄρξωνται,,ἄρχω,VERB
17.2,,σέβεσθαι,.,σέβομαι,VERB
17.2,,καὶ,,καί,ADV
17.2,,ταῦτα,,οὗτος,PRON
17.2,,εἶπον,,εἶπον,VERB
17.2,,ὑποβαλλόντων,,ὑποβάλλω,VERB
17.2,,καὶ,,καί,CCONJ
17.2,,ἐνισχυόντων,,ἐν-ἰσχύω,VERB
17.2,,τῶν,,ὁ,DET
17.2,,Ἰουδαίων,",",Ἰουδαῖος,NOUN
17.2,,οἳ,,ὁ,PRON
17.2,,καὶ,,καί,ADV
17.2,,ἐτήρησαν,",",τηρέω,VERB
17.2,,μελλόντων,,μέλλω,VERB
17.2,,ἡμῶν,,ἐγώ,PRON
17.2,,ἐκ,,ἐκ,ADP
17.2,,τοῦ,,ὁ,DET
17.2,,πυρὸς,,πῦρ,NOUN
17.2,,αὐτὸν,,αὐτός,PRON
17.2,,λαμβάνειν,·,λαμβάνω,VERB
17.2,,ἀγνοοῦντες,",",ἀγνοέω,VERB
17.2,,ὅτι,,ὅτι,SCONJ
17.2,,οὔτε,,οὔτε,ADV
17.2,,τὸν,,ὁ,DET
17.2,,Χριστόν,,χριστός,NOUN
17.2,,ποτε,,ποτέ,ADV
17.2,,καταλιπεῖν,,καταλιμπάνω,VERB
17.2,,δυνησόμεθα,",",δύναμαι,VERB
17.2,,τὸν,,ὁ,DET
17.2,,ὑπὲρ,,ὑπέρ,ADP
17.2,,τῆς,,ὁ,DET
17.2,,τοῦ,,ὁ,DET
17.2,,παντὸς,,πᾶς,ADJ
17.2,,κόσμου,,κόσμος,NOUN
17.2,,τῶν,,ὁ,DET
17.2,,σωζομένων,,σώζω,VERB
17.2,,σωτηρίας,,σωτηρία,NOUN
17.2,,παθόντα,,πάσχω,VERB
17.2,,ἄμωμον,,ἄμωμος,ADJ
17.2,,ὑπὲρ,,ὑπέρ,ADP
17.2,,ἁμαρτωλῶν,",",ἁμαρτωλός,ADJ
17.2,,οὔτε,,οὔτε,ADV
17.2,,ἕτερόν,,ἕτερος,ADJ
17.2,,τινα,,τις,PRON
17.2,,σέβεσθαι,.,σέβομαι,VERB
17.3,,τοῦτον,,οὗτος,PRON
17.3,,μὲν,,μέν,ADV
17.3,,γὰρ,,γάρ,ADV
17.3,,υἱὸν,,υἱός,NOUN
17.3,,ὄντα,,εἰμί,AUX
17.3,,τοῦ,,ὁ,DET
17.3,,θεοῦ,,θεός,NOUN
17.3,,προσκυνοῦμεν,",",προσκυνέω,VERB
17.3,,τοὺς,,ὁ,DET
17.3,,δὲ,,δέ,CCONJ
17.3,,μάρτυρας,,μάρτυς,NOUN
17.3,,ὡς,,ὡς,ADV
17.3,,μαθητὰς,,μαθητής,NOUN
17.3,,καὶ,,καί,CCONJ
17.3,,μιμητὰς,,μιμητής,NOUN
17.3,,τοῦ,,ὁ,DET
17.3,,κυρίου,,κύριος,NOUN
17.3,,ἀγαπῶμεν,,ἀγαπάω,VERB
17.3,,ἀξίως,,ἀξίως,ADV
17.3,,ἕνεκα,,ἕνεκα,ADP
17.3,,εὐνοίας,,εὔνοια,NOUN
17.3,,ἀνυπερβλήτου,,ἀνυπέρβλητος,ADJ
17.3,,τῆς,,ὁ,DET
17.3,,εἰς,,εἰς,ADP
17.3,,τὸν,,ὁ,DET
17.3,,ἴδιον,,ἴδιος,ADJ
17.3,,βασιλέα,,βασιλεύς,NOUN
17.3,,καὶ,,καί,CCONJ
17.3,,διδάσκαλον,·,διδάσκαλος,NOUN
17.3,,ὧν,,ὅς,PRON
17.3,,γένοιτο,,γίγνομαι,VERB
17.3,,καὶ,,καί,ADV
17.3,,ἡμᾶς,,ἐγώ,PRON
17.3,,κοινωνούς,,κοινωνός,NOUN
17.3,,τε,,τε,ADV
17.3,,καὶ,,καί,CCONJ
17.3,,συμμαθητὰς,,συμμαθητής,NOUN
17.3,,γενέσθαι,.,γίγνομαι,VERB
18.1,,Ἰδὼν,,εἶδον,VERB
18.1,,οὖν,,οὖν,ADV
18.1,,ὁ,,ὁ,DET
18.1,,κεντυρίων,,κεντυρίων,NOUN
18.1,,τὴν,,ὁ,DET
18.1,,τῶν,,ὁ,DET
18.1,,Ἰουδαίων,,Ἰουδαῖος,NOUN
18.1,,γενομένην,,γίγνομαι,VERB
18.1,,φιλονεικίαν,",",φιλονεικία,NOUN
18.1,,θεὶς,,τίθημι,VERB
18.1,,αὐτὸν,,αὐτός,PRON
18.1,,ἐν,,ἐν,ADP
18.1,,μέσῳ,",",μέσος,ADJ
18.1,,ὡς,,ὡς,SCONJ
18.1,,ἔθος,,ἔθος,NOUN
18.1,,αὐτοῖς,",",αὐτός,PRON
18.1,,ἔκαυσεν,.,καίω,VERB
18.2,,οὕτως,,οὕτως,ADV
18.2,,τε,,τε,ADV
18.2,,ἡμεῖς,,ἐγώ,PRON
18.2,,ὕστερον,,ὕστερος,ADJ
18.2,,ἀνελόμενοι,,ἀναιρέω,VERB
18.2,,τὰ,,ὁ,DET
18.2,,τιμιώτερα,,τίμιος,ADJ
18.2,,λίθων,,λίθος,NOUN
18.2,,πολυτελῶν,,πολυτελός,ADJ
18.2,,καὶ,,καί,CCONJ
18.2,,δοκιμώτερα,,δόκιμος,ADJ
18.2,,ὑπὲρ,,ὑπέρ,ADP
18.2,,χρυσίον,,χρυσίον,NOUN
18.2,,ὀστᾶ,,ὀστέον,NOUN
18.2,,αὐτοῦ,,αὐτός,PRON
18.2,,ἀπεθέμεθα,",",ἀποτίθημι,VERB
18.2,,ὅπου,,ὅπου,ADV
18.2,,καὶ,,καί,ADV
18.2,,ἀκόλουθον,,ἀκόλουθος,ADJ
18.2,,ἦν,.,εἰμί,AUX
18.3,,ἔνθα,,ἔνθα,ADV
18.3,,ὡς,,ὡς,ADV
18.3,,δυνατὸν,,δυνατός,ADJ
18.3,,ἡμῖν,,ἐγώ,PRON
18.3,,συναγομένοις,,συνάγω,VERB
18.3,,ἐν,,ἐν,ADP
18.3,,ἀγαλλιάσει,,ἀγαλλίασις,NOUN
18.3,,καὶ,,καί,CCONJ
18.3,,χαρᾷ,,χαρά,NOUN
18.3,,παρέξει,,παρέχω,VERB
18.3,,ὁ,,ὁ,DET
18.3,,κύριος,,κύριος,NOUN
18.3,,ἐπιτελεῖν,,ἐπιτελέω,VERB
18.3,,τὴν,,ὁ,DET
18.3,,τοῦ,,ὁ,DET
18.3,,μαρτυρίου,,μαρτύριον,NOUN
18.3,,αὐτοῦ,,αὐτός,PRON
18.3,,ἡμέραν,,ἡμέρα,NOUN
18.3,,γενέθλιον,",",γενέθλιος,ADJ
18.3,,εἴς,,εἰς,ADP
18.3,,τε,,τε,ADV
18.3,,τὴν,,ὁ,DET
18.3,,τῶν,,ὁ,DET
18.3,,προηθληκότων,,πρό-ἀθλέω,VERB
18.3,,μνήμην,,μνήμη,NOUN
18.3,,καὶ,,καί,CCONJ
18.3,,τῶν,,ὁ,DET
18.3,,μελλόντων,,μέλλω,VERB
18.3,,ἄσκησίν,,ἄσκησις,NOUN
18.3,,τε,,τε,ADV
18.3,,καὶ,,καί,CCONJ
18.3,,ἑτοιμασίαν,.,ἑτοιμασία,NOUN
19.1,,Τοιαῦτα,,τοιοῦτος,PRON
19.1,,τὰ,,ὁ,DET
19.1,,κατὰ,,κατά,ADP
19.1,,τὸν,,ὁ,DET
19.1,,μακάριον,,μακάριος,ADJ
19.1,,Πολύκαρπον,",",Πολύκαρπος,NOUN
19.1,,ὃς,,ὅς,PRON
19.1,,σὺν,,σύν,ADP
19.1,,τοῖς,,ὁ,DET
19.1,,ἀπὸ,,ἀπό,ADP
19.1,,Φιλαδελφίας,,φιλαδελφία,NOUN
19.1,,δωδέκατος,,δωδέκατος,ADJ
19.1,,ἐν,,ἐν,ADP
19.1,,Σμύρνῃ,,Σμύρνη,NOUN
19.1,,μαρτυρήσας,",",μαρτυρέω,VERB
19.1,,μόνος,,μόνος,ADJ
19.1,,ὑπὸ,,ὑπό,ADP
19.1,,πάντων,,πᾶς,ADJ
19.1,,μᾶλλον,,μᾶλλον,ADV
19.1,,μνημονεύεται,",",μνημονεύω,VERB
19.1,,ὥστε,,ὥστε,SCONJ
19.1,,καὶ,,καί,ADV
19.1,,ὑπὸ,,ὑπό,ADP
19.1,,τῶν,,ὁ,DET
19.1,,ἐθνῶν,,ἔθνος,NOUN
19.1,,ἐν,,ἐν,ADP
19.1,,παντὶ,,πᾶς,ADJ
19.1,,τόπῳ,,τόπος,NOUN
19.1,,λαλεῖσθαι,·,λαλέω,VERB
19.1,,οὐ,,οὐ,ADV
19.1,,μόνον,,μόνος,ADJ
19.1,,διδάσκαλος,,διδάσκαλος,NOUN
19.1,,γενόμενος,,γίγνομαι,VERB
19.1,,ἐπίσημος,",",ἐπίσημος,ADJ
19.1,,ἀλλὰ,,ἀλλά,CCONJ
19.1,,καὶ,,καί,ADV
19.1,,μάρτυς,,μάρτυς,NOUN
19.1,,ἔξοχος,",",ἔξοχος,ADJ
19.1,,οὗ,,ὅς,PRON
19.1,,τὸ,,ὁ,DET
19.1,,μαρτύριον,,μαρτύριον,NOUN
19.1,,πάντες,,πᾶς,ADJ
19.1,,ἐπιθυμοῦσιν,,ἐπιθυμέω,VERB
19.1,,μιμεῖσθαι,,μιμέομαι,VERB
19.1,,κατὰ,,κατά,ADP
19.1,,τὸ,,ὁ,DET
19.1,,εὐαγγέλιον,,εὐαγγέλιον,NOUN
19.1,,Χριστοῦ,,χριστός,NOUN
19.1,,γενόμενον,.,γίγνομαι,VERB
19.2,,διὰ,,διά,ADP
19.2,,τῆς,,ὁ,DET
19.2,,ὑπομονῆς,,ὑπομονή,NOUN
19.2,,καταγωνισάμενος,,καταγωνίζομαι,VERB
19.2,,τὸν,,ὁ,DET
19.2,,ἄδικον,,ἄδικος,ADJ
19.2,,ἄρχοντα,,ἄρχων,NOUN
19.2,,καὶ,,καί,CCONJ
19.2,,οὕτως,,οὕτως,ADV
19.2,,τὸν,,ὁ,DET
19.2,,τῆς,,ὁ,DET
19.2,,ἀφθαρσίας,,ἀφθαρσία,NOUN
19.2,,στέφανον,,στέφανος,NOUN
19.2,,ἀπολαβών,",",ἀπολαμβάνω,VERB
19.2,,σὺν,,σύν,ADP
19.2,,τοῖς,,ὁ,DET
19.2,,ἀποστόλοις,,ἀπόστολος,NOUN
19.2,,καὶ,,καί,CCONJ
19.2,,πᾶσιν,,πᾶς,ADJ
19.2,,δικαίοις,,δίκαιος,ADJ
19.2,,ἀγαλλιώμενος,,ἀγαλλιάω,VERB
19.2,,δοξάζει,,δοξάζω,VERB
19.2,,τὸν,,ὁ,DET
19.2,,θεὸν,,θεός,NOUN
19.2,,καὶ,,καί,CCONJ
19.2,,πατέρα,,πατήρ,NOUN
19.2,,παντοκράτορα,,παντοκράτωρ,NOUN
19.2,,καὶ,,καί,CCONJ
19.2,,εὐλογεῖ,,εὐλογέω,VERB
19.2,,τὸν,,ὁ,DET
19.2,,κύριον,,κύριος,NOUN
19.2,,ἡμῶν,,ἐγώ,PRON
19.2,,Ἰησοῦν,,Ἰησοῦς,NOUN
19.2,,Χριστόν,",",χριστός,PROPN
19.2,,τὸν,,ὁ,DET
19.2,,σωτῆρα,,σωτήρ,NOUN
19.2,,τῶν,,ὁ,DET
19.2,,ψυχῶν,,ψυχή,NOUN
19.2,,ἡμῶν,,ἐγώ,PRON
19.2,,καὶ,,καί,CCONJ
19.2,,κυβερνήτην,,κυβερνήτην,NOUN
19.2,,τῶν,,ὁ,DET
19.2,,σωμάτων,,σῶμα,NOUN
19.2,,ἡμῶν,,ἐγώ,PRON
19.2,,καὶ,,καί,CCONJ
19.2,,ποιμένα,,ποιμήν,NOUN
19.2,,τῆς,,ὁ,DET
19.2,,κατὰ,,κατά,ADP
19.2,,τὴν,,ὁ,DET
19.2,,οἰκουμένην,,οἰκουμένη,NOUN
19.2,,καθολικῆς,,καθολικός,ADJ
19.2,,ἐκκλησίας,.,ἐκκλησία,NOUN
20.1,,Ὑμεῖς,,σύ,PRON
20.1,,μὲν,,μέν,ADV
20.1,,οὖν,,οὖν,ADV
20.1,,ἠξιώσατε,,ἀξιόω,VERB
20.1,,διὰ,,διά,ADP
20.1,,πλειόνων,,πλείων,ADJ
20.1,,δηλωθῆναι,,δηλόω,VERB
20.1,,ὑμῖν,,σύ,PRON
20.1,,τὰ,,ὁ,DET
20.1,,γενόμενα,",",γίγνομαι,VERB
20.1,,ἡμεῖς,,ἐγώ,PRON
20.1,,δὲ,,δέ,CCONJ
20.1,,κατὰ,,κατά,ADP
20.1,,τὸ,,ὁ,DET
20.1,,παρὸν,,πάρειμι,VERB
20.1,,ἐπὶ,,ἐπί,ADP
20.1,,κεφαλαίῳ,,κεφάλαιος,NOUN
20.1,,μεμηνύκαμεν,,μηνύω,VERB
20.1,,διὰ,,διά,ADP
20.1,,τοῦ,,ὁ,DET
20.1,,ἀδελφοῦ,,ἀδελφός,NOUN
20.1,,ἡμῶν,,ἐγώ,PRON
20.1,,Μαρκίωνος,.,Μαρκίων,NOUN
20.1,,μαθόντες,,μανθάνω,VERB
20.1,,οὖν,,οὖν,ADV
20.1,,ταῦτα,,οὗτος,PRON
20.1,,καὶ,,καί,CCONJ
20.1,,τοῖς,,ὁ,DET
20.1,,ἐπέκεινα,,ἐπέκεινα,ADJ
20.1,,ἀδελφοῖς,,ἀδελφός,NOUN
20.1,,τὴν,,ὁ,DET
20.1,,ἐπιστολὴν,,ἐπιστολή,NOUN
20.1,,διαπέμψασθε,",",διαπέμπω,VERB
20.1,,ἵνα,,ἵνα,SCONJ
20.1,,καὶ,,καί,ADV
20.1,,ἐκεῖνοι,,ἐκεῖνος,PRON
20.1,,δοξάζωσιν,,δοξάζω,VERB
20.1,,τὸν,,ὁ,DET
20.1,,κύριον,,κύριος,NOUN
20.1,,τὸν,,ὁ,DET
20.1,,ἐκλογὰς,,ἐκλογή,NOUN
20.1,,ποιοῦντα,,ποιέω,VERB
20.1,,ἀπὸ,,ἀπό,ADP
20.1,,τῶν,,ὁ,DET
20.1,,ἰδίων,,ἴδιος,ADJ
20.1,,δούλων,.,δοῦλος,NOUN
20.2,,Τῷ,,ὁ,DET
20.2,,δὲ,,δέ,ADV
20.2,,δυναμένῳ,,δύναμαι,VERB
20.2,,πάντας,,πᾶς,ADJ
20.2,,ἡμᾶς,,ἐγώ,PRON
20.2,,εἰσαγαγεῖν,,εἰσάγω,VERB
20.2,,ἐν,,ἐν,ADP
20.2,,τῇ,,ὁ,DET
20.2,,αὐτοῦ,,αὐτός,PRON
20.2,,χάριτι,,χάρις,NOUN
20.2,,καὶ,,καί,CCONJ
20.2,,δωρεᾷ,,δωρεά,NOUN
20.2,,εἰς,,εἰς,ADP
20.2,,τὴν,,ὁ,DET
20.2,,ἐπουράνιον,,ἐπουράνιος,ADJ
20.2,,αὐτοῦ,,αὐτός,PRON
20.2,,βασιλείαν,,βασιλεία,NOUN
20.2,,διὰ,,διά,ADP
20.2,,τοῦ,,ὁ,DET
20.2,,μονογενοῦς,,μονογενής,ADJ
20.2,,παιδὸς,,παῖς,NOUN
20.2,,αὐτοῦ,,αὐτός,PRON
20.2,,Ἰησοῦ,,Ἰησοῦς,PROPN
20.2,,Χριστοῦ,",",χριστός,PROPN
20.2,,δόξα,",",δόξα,NOUN
20.2,,τιμή,",",τιμή,NOUN
20.2,,κράτος,",",κράτος,NOUN
20.2,,μεγαλωσύνη,,μεγαλωσύνη,NOUN
20.2,,εἰς,,εἰς,ADP
20.2,,τοὺς,,ὁ,DET
20.2,,αἰῶνας,.,αἰών,NOUN
20.2,,προσαγορεύετε,,προσαγορεύω,VERB
20.2,,πάντας,,πᾶς,ADJ
20.2,,τοὺς,,ὁ,DET
20.2,,ἁγίους,.,ἅγιος,ADJ
20.2,,ὑμᾶς,,σύ,PRON
20.2,,οἱ,,ὁ,DET
20.2,,σὺν,,σύν,ADP
20.2,,ἡμῖν,,ἐγώ,PRON
20.2,,προσαγορεύουσιν,,προσαγορεύω,VERB
20.2,,καὶ,,καί,CCONJ
20.2,,Εὐάρεστος,,εὐάρεστος,NOUN
20.2,,ὁ,,ὁ,DET
20.2,,γράψας,,γράφω,VERB
20.2,,πανοικεί,.,πανοικεί,ADV
21.1,,Μαρτυρεῖ,,μαρτυρεω,VERB
21.1,,δὲ,,δέ,ADV
21.1,,ὁ,,ὁ,DET
21.1,,μακάριος,,μακάριος,ADJ
21.1,,Πολύκαρπος,,Πολύκαρπος,NOUN
21.1,,μηνὸς,,μείς,NOUN
21.1,,Ξανθικοῦ,,Ξανθικός,ADJ
21.1,,δευτέρᾳ,,δεύτερος,ADJ
21.1,,ἱσταμένου,",",ἵστημι,VERB
21.1,,πρὸ,,πρό,ADP
21.1,,ἑπτὰ,,ἑπτά,NUM
21.1,,καλανδῶν,,καλανδοί,NOUN
21.1,,Μαρτίων,",",Μάρτιος,NOUN
21.1,,σαββάτῳ,,σάββατον,NOUN
21.1,,μεγάλῳ,",",μέγας,ADJ
21.1,,ὥρᾳ,,ὥρα,NOUN
21.1,,ὀγδόῃ,.,ὄγδοος,ADJ
21.1,,συνελήφθη,,συλλαμβάνω,VERB
21.1,,δὲ,,δέ,ADV
21.1,,ὑπὸ,,ὑπό,ADP
21.1,,Ἡρώδου,,Ἡρώδης,NOUN
21.1,,ἐπὶ,,ἐπί,ADP
21.1,,ἀρχιερέως,,ἀρχιερεύς,NOUN
21.1,,Φιλίππου,,Φίλιππος,NOUN
21.1,,Τραλλιανοῦ,",",Τραλλιανός,NOUN
21.1,,ἀνθυπατεύοντος,,ἀνθυπατεύω,VERB
21.1,,Στατίου,,Στατίας,NOUN
21.1,,Κοδράτου,",",Κοδράτος,NOUN
21.1,,βασιλεύοντος,,βασιλεύω,VERB
21.1,,δὲ,,δέ,CCONJ
21.1,,εἰς,,εἰς,ADP
21.1,,τοὺς,,ὁ,DET
21.1,,αἰῶνας,,αἰών,NOUN
21.1,,Ἰησοῦ,,Ἰησοῦς,PROPN
21.1,,Χριστοῦ,·,χριστός,NOUN
21.1,,ᾧ,,ὅς,PRON
21.1,,ἡ,,ὁ,DET
21.1,,δόξα,",",δόξα,NOUN
21.1,,τιμή,",",τιμή,NOUN
21.1,,μεγαλωσύνη,",",μεγαλωσύνη,NOUN
21.1,,θρόνος,,θρόνος,NOUN
21.1,,αἰώνιος,,αἰώνιος,ADJ
21.1,,ἀπὸ,,ἀπό,ADP
21.1,,γενεᾶς,,γενεά,NOUN
21.1,,εἰς,,εἰς,ADP
21.1,,γενεάν,.,γενεά,NOUN
21.1,,ἀμήν,.,ἀμήν,INTJ
22.1,,Ἐρρῶσθαι,,ῥώννυμι,VERB
22.1,,ὑμᾶς,,σύ,PRON
22.1,,εὐχόμεθα,",",εὔχομαι,VERB
22.1,,ἀδελφοί,",",ἀδελφός,NOUN
22.1,,στοιχοῦντας,,στοιχέω,VERB
22.1,,τῷ,,ὁ,DET
22.1,,κατὰ,,κατά,ADP
22.1,,τὸ,,ὁ,DET
22.1,,εὐαγγέλιον,,εὐαγγέλιον,NOUN
22.1,,λόγῳ,,λόγος,NOUN
22.1,,Ἰησοῦ,,Ἰησοῦς,PROPN
22.1,,Χριστοῦ,",",χριστός,PROPN
22.1,,μεθ’,,μετά,ADP
22.1,,οὗ,,ὅς,PRON
22.1,,δόξα,,δόξα,NOUN
22.1,,τῷ,,ὁ,DET
22.1,,θεῷ,,θεός,NOUN
22.1,,καὶ,,καί,CCONJ
22.1,,πατρὶ,,πατήρ,NOUN
22.1,,καὶ,,καί,CCONJ
22.1,,ἁγίῳ,,ἅγιος,ADJ
22.1,,πνεύματι,",",πνεῦμα,NOUN
22.1,,ἐπὶ,,ἐπί,ADP
22.1,,σωτηρίᾳ,,σωτηρία,NOUN
22.1,,τῇ,,ὁ,DET
22.1,,τῶν,,ὁ,DET
22.1,,ἁγίων,,ἅγιος,ADJ
22.1,,ἐκλεκτῶν,",",ἐκλεκτός,ADJ
22.1,,καθὼς,,καθώς,SCONJ
22.1,,ἐμαρτύρησεν,,μαρτυρέω,VERB
22.1,,ὁ,,ὁ,DET
22.1,,μακάριος,,μακάριος,ADJ
22.1,,Πολύκαρπος,",",Πολύκαρπος,ADJ
22.1,,οὗ,,οὗ,ADV
22.1,,γένοιτο,,γίγνομαι,VERB
22.1,,ἐν,,ἐν,ADP
22.1,,τῇ,,ὁ,DET
22.1,,βασιλείᾳ,,βασιλεία,NOUN
22.1,,Ἰησοῦ,,Ἰησοῦς,PROPN
22.1,,Χριστοῦ,,χριστός,PROPN
22.1,,πρὸς,,πρός,ADP
22.1,,τὰ,,ὁ,DET
22.1,,ἴχνη,,ἴχνος,NOUN
22.1,,εὑρεθῆναι,,εὑρίσκω,VERB
22.1,,ἡμᾶς,.,ἐγώ,PRON
22.2,,Ταῦτα,,οὗτος,PRON
22.2,,μετεγράψατο,,μεταγράφω,VERB
22.2,,μὲν,,μέν,ADV
22.2,,Γάϊος,,Γαϊος,NOUN
22.2,,ἐκ,,ἐκ,ADP
22.2,,τῶν,,ὁ,DET
22.2,,Εἰρηναίου,",",Εἰρηναίας,NOUN
22.2,,μαθητοῦ,,μαθητής,NOUN
22.2,,τοῦ,,ὁ,DET
22.2,,Πολυκάρπου,",",Πολυκάρπης,NOUN
22.2,,ὃς,,ὅς,PRON
22.2,,καὶ,,καί,ADV
22.2,,συνεπολιτεύσατο,,συμπολιτεύω,VERB
22.2,,τῷ,,ὁ,DET
22.2,,Εἰρηναίῳ,.,Εἰρηναῖος,ADJ
22.2,,ἐγὼ,,ἐγώ,PRON
22.2,,δὲ,,δέ,ADV
22.2,,Σωκράτης,,Σωκράτης,NOUN
22.2,,ἐν,,ἐν,ADP
22.2,,Κορίνθῳ,,Κόρινθος,NOUN
22.2,,ἐκ,,ἐκ,ADP
22.2,,τῶν,,ὁ,DET
22.2,,Γαΐου,,Γαΐας,NOUN
22.2,,ἀντιγράφων,,ἀντιγράφων,NOUN
22.2,,ἔγραψα,.,γράφω,VERB
22.2,,ἡ,,ὁ,DET
22.2,,χάρις,,χάρις,NOUN
22.2,,μετὰ,,μετά,ADP
22.2,,πάντων,.,πᾶς,ADJ
22.3,,Ἐγὼ,,ἐγώ,PRON
22.3,,δὲ,,δέ,ADV
22.3,,πάλιν,,πάλιν,ADV
22.3,,Πιόνιος,,Πιόνιος,ADJ
22.3,,ἐκ,,ἐκ,ADP
22.3,,τοῦ,,ὁ,DET
22.3,,προγεγραμμένου,,προγράφω,VERB
22.3,,ἔγραψα,,γράφω,VERB
22.3,,ἀναζητήσας,,ἀναζητέω,VERB
22.3,,αὐτά,",",αὐτός,PRON
22.3,,κατὰ,,κατά,ADP
22.3,,ἀποκάλυψιν,,ἀποκάλυψις,NOUN
22.3,,φανερώσαντός,,φανερόω,VERB
22.3,,μοι,,ἐγώ,PRON
22.3,,τοῦ,,ὁ,DET
22.3,,μακαρίου,,μακάριος,ADJ
22.3,,Πολυκάρπου,",",Πολυκάρπου,NOUN
22.3,,καθὼς,,καθώς,ADV
22.3,,δηλώσω,,δηλόω,VERB
22.3,,ἐν,,ἐν,ADP
22.3,,τῷ,,ὁ,DET
22.3,,καθεξῆς,",",καθεξῆς,ADV
22.3,,συναγαγὼν,,συνάγω,VERB
22.3,,αὐτὰ,,αὐτός,PRON
22.3,,ἤδη,,ἤδη,ADV
22.3,,σχεδὸν,,σχεδόν,ADV
22.3,,ἐκ,,ἐκ,ADP
22.3,,τοῦ,,ὁ,DET
22.3,,χρόνου,,χρόνος,NOUN
22.3,,κεκμηκότα,",",κάμνω,VERB
22.3,,ἵνα,,ἵνα,SCONJ
22.3,,κἀμὲ,,ἐγώ,PRON
22.3,,συναγάγῃ,,συνάγω,VERB
22.3,,ὁ,,ὁ,DET
22.3,,κύριος,,κύριος,NOUN
22.3,,Ἰησοῦς,,Ἰησοῦς,PROPN
22.3,,Χριστὸς,,χριστός,NOUN
22.3,,μετὰ,,μετά,ADP
22.3,,τῶν,,ὁ,DET
22.3,,ἐκλεκτῶν,,ἐκλεκτός,ADJ
22.3,,αὐτοῦ,,αὐτός,PRON
22.3,,εἰς,,εἰς,ADP
22.3,,τὴν,,ὁ,DET
22.3,,οὐράνιον,,οὐράνιος,ADJ
22.3,,βασιλείαν,,βασιλεία,NOUN
22.3,,αὐτοῦ,",",αὐτός,PRON
22.3,,ᾧ,,ὅς,PRON
22.3,,ἡ,,ὁ,DET
22.3,,δόξα,,δόξα,NOUN
22.3,,σὺν,,σύν,ADP
22.3,,τῷ,,ὁ,DET
22.3,,πατρὶ,,πατήρ,NOUN
22.3,,καὶ,,καί,CCONJ
22.3,,ἁγίῳ,,ἅγιος,ADJ
22.3,,πνεύματι,,πνεῦμα,NOUN
22.3,,εἰς,,εἰς,ADP
22.3,,τοὺς,,ὁ,DET
22.3,,αἰῶνας,,αἰών,NOUN
22.3,,τῶν,,ὁ,DET
22.3,,αἰώνων,.,αἰών,NOUN
22.3,,ἀμήν,.,ἀμήν,INTJ
EP.0,,EPILOGUS,,_,_
EP.0,,ALIUS,,_,_
EP.0,,E,,_,_
EP.0,,CODICE,,_,_
EP.0,,MOSQUIENSI,,_,_
EP.0,,DESCRIPTUS,,_,_
EP.1,,Ταῦτα,,οὗτος,PRON
EP.1,,μετεγράψατο,,μεταγράφω,VERB
EP.1,,μὲν,,μέν,ADV
EP.1,,Γάϊος,,Γαϊος,NOUN
EP.1,,ἐκ,,ἐκ,ADP
EP.1,,τῶν,,ὁ,DET
EP.1,,Εἰρηναίου,,Εἰρηναῖος,PROPN
EP.1,,συγγραμμάτων,",",σύγγραμμα,NOUN
EP.1,,ὃς,,ὅς,PRON
EP.1,,καὶ,,καί,ADV
EP.1,,συνεπολιτεύσατο,,συμπολιτεύω,VERB
EP.1,,τῷ,,ὁ,DET
EP.1,,Εἰρηναίῳ,",",Εἰρηναῖος,ADJ
EP.1,,μαθητῇ,,μαθητής,NOUN
EP.1,,γεγονότι,,γίγνομαι,VERB
EP.1,,τοῦ,,ὁ,DET
EP.1,,ἁγίου,,ἅγιος,ADJ
EP.1,,Πολυκάρπου,.,Πολυκάρπης,NOUN
EP.2,,οὗτος,,οὗτος,ADJ
EP.2,,γὰρ,,γάρ,ADV
EP.2,,ὁ,,ὁ,DET
EP.2,,Εἰρηναῖος,",",εἰρηναῖος,NOUN
EP.2,,κατὰ,,κατά,ADP
EP.2,,τὸν,,ὁ,DET
EP.2,,καιρὸν,,καιρός,NOUN
EP.2,,τοῦ,,ὁ,DET
EP.2,,μαρτυρίου,,μαρτύριον,NOUN
EP.2,,τοῦ,,ὁ,DET
EP.2,,ἐπισκόπου,,ἐπίσκοπος,NOUN
EP.2,,Πολυκάρπου,,Πολυκάρπας,NOUN
EP.2,,γενόμενος,,γίγνομαι,VERB
EP.2,,ἐν,,ἐν,ADP
EP.2,,Ῥώμῃ,",",Ῥώμη,NOUN
EP.2,,πολλοὺς,,πολύς,ADJ
EP.2,,ἐδίδαξεν,·,διδάσκω,VERB
EP.2,,οὗ,,ὅς,PRON
EP.2,,καὶ,,καί,ADV
EP.2,,πολλὰ,,πολύς,ADJ
EP.2,,συγγράμματα,,σύγγραμμα,NOUN
EP.2,,κάλλιστα,,καλός,ADJ
EP.2,,καὶ,,καί,CCONJ
EP.2,,ὀρθότατα,,ὀρθός,ADJ
EP.2,,φέρεται,",",φέρω,VERB
EP.2,,ἐν,,ἐν,ADP
EP.2,,οἷς,,ὅς,PRON
EP.2,,μέμνηται,,μιμνήσκω,VERB
EP.2,,Πολυκάρπου,",",Πολυκάρπας,NOUN
EP.2,,ὅτι,,ὅτι,SCONJ
EP.2,,παρ’,,παρά,ADP
EP.2,,αὐτοῦ,,αὐτός,PRON
EP.2,,ἔμαθεν,",",μανθάνω,VERB
EP.2,,ἱκανῶς,,ἱκανός,ADV
EP.2,,τε,,τε,ADV
EP.2,,πᾶσαν,,πᾶς,ADJ
EP.2,,αἵρεσιν,,αἵρεσις,NOUN
EP.2,,ἤλεγξεν,,ἐλέγχω,VERB
EP.2,,καὶ,,καί,CCONJ
EP.2,,τὸν,,ὁ,DET
EP.2,,ἐκκλησιαστικὸν,,ἐκκλησιαστικός,ADJ
EP.2,,κανόνα,,κανών,NOUN
EP.2,,καὶ,,καί,CCONJ
EP.2,,καθολικόν,",",καθολικός,ADJ
EP.2,,ὡς,,ὡς,ADV
EP.2,,παρέλαβεν,,παραλαμβάνω,VERB
EP.2,,παρὰ,,παρά,ADP
EP.2,,τοῦ,,ὁ,DET
EP.2,,ἁγίου,",",ἅγιος,ADJ
EP.2,,καὶ,,καί,CCONJ
EP.2,,παρέδωκεν,.,παραδίδωμι,VERB
EP.3,,λέγει,,λέγω,VERB
EP.3,,δὲ,,δέ,ADV
EP.3,,καὶ,,καί,ADV
EP.3,,τοῦτο,·,οὗτος,PRON
EP.3,,ὅτι,,ὅτι,SCONJ
EP.3,,συναντήσαντός,,συναντάω,VERB
EP.3,,ποτε,,ποτέ,ADV
EP.3,,τῷ,,ὁ,DET
EP.3,,ἁγίῳ,,ἅγιος,ADJ
EP.3,,Πολυκάρπῳ,,Πολυκάρπῳ,NOUN
EP.3,,Μαρκίωνος,",",Μαρκίων,NOUN
EP.3,,ἀφ’,,ἀπό,ADP
EP.3,,οὗ,,ὅς,PRON
EP.3,,οἱ,,ὁ,DET
EP.3,,λεγόμενοι,,λέγω,VERB
EP.3,,Μαρκιωνισταί,",",Μαρκιωνισταί,NOUN
EP.3,,καὶ,,καί,CCONJ
EP.3,,εἰπόντος,·,εἶπον,VERB
EP.3,,Ἐπιγίνωσκε,,ἐπιγιγνώσκω,VERB
EP.3,,ἡμᾶς,",",ἐγώ,PRON
EP.3,,Πολύκαρπε,",",Πολύκαρπος,NOUN
EP.3,,εἶπεν,,εἶπον,VERB
EP.3,,αὐτὸς,,αὐτός,PRON
EP.3,,τῷ,,ὁ,DET
EP.3,,Μαρκίωνι,·,Μαρκίων,NOUN
EP.3,,Ἐπιγινώσκω,",",ἐπιγιγνώσκω,VERB
EP.3,,ἐπιγινώσκω,,ἐπιγιγνώσκω,VERB
EP.3,,τὸν,,ὁ,DET
EP.3,,πρωτότοκον,,πρωτότοκος,ADJ
EP.3,,τοῦ,,ὁ,DET
EP.3,,σατανᾶ,.,σατανᾶς,NOUN
EP.4,,καὶ,,καί,ADV
EP.4,,τοῦτο,,οὗτος,PRON
EP.4,,δὲ,,δέ,ADV
EP.4,,φέρεται,,φέρω,VERB
EP.4,,ἐν,,ἐν,ADP
EP.4,,τοῖς,,ὁ,DET
EP.4,,τοῦ,,ὁ,DET
EP.4,,Εἰρηναίου,,Εἰρηναίας,NOUN
EP.4,,συγγράμμασιν,",",σύγγραμμα,NOUN
EP.4,,ὅτι,,ὅτι,SCONJ
EP.4,,ᾗ,,ὅς,DET
EP.4,,ἡμέρᾳ,,ἡμέρα,NOUN
EP.4,,καὶ,,καί,CCONJ
EP.4,,ὥρᾳ,,ὥρα,NOUN
EP.4,,ἐν,,ἐν,ADP
EP.4,,Σμύρνῃ,,Σμύρνη,NOUN
EP.4,,ἐμαρτύρησεν,,μαρτυρέω,VERB
EP.4,,ὁ,,ὁ,DET
EP.4,,Πολύκαρπος,",",Πολύκαρπος,NOUN
EP.4,,ἤκουσεν,,ἀκούω,VERB
EP.4,,φωνὴν,,φωνή,NOUN
EP.4,,ἐν,,ἐν,ADP
EP.4,,τῇ,,ὁ,DET
EP.4,,Ῥωμαίων,,Ῥωμαῖος,NOUN
EP.4,,πόλει,,πόλις,NOUN
EP.4,,ὑπάρχων,,ὑπάρχω,VERB
EP.4,,ὁ,,ὁ,DET
EP.4,,Εἰρηναῖος,,εἰρηναῖος,PROPN
EP.4,,ὡς,,ὡς,ADV
EP.4,,σάλπιγγος,,σάλπιγξ,NOUN
EP.4,,λεγούσης,·,λέγω,VERB
EP.4,,Πολύκαρπος,,Πολύκαρπος,NOUN
EP.4,,ἐμαρτύρησεν,.,μαρτυρέω,VERB
EP.5,,Ἐκ,,ἐκ,ADP
EP.5,,τούτων,,οὗτος,ADJ
EP.5,,οὖν,",",οὖν,ADV
EP.5,,ὡς,,ὡς,SCONJ
EP.5,,προλέλεκται,",",προλέγω2,VERB
EP.5,,τῶν,,ὁ,DET
EP.5,,τοῦ,,ὁ,DET
EP.5,,Εἰρηναίου,,Εἰρηναίας,NOUN
EP.5,,συγγραμμάτων,,σύγγραμμα,NOUN
EP.5,,Γάϊος,,Γαϊος,NOUN
EP.5,,μετεγράψατο,",",μεταγράφω,VERB
EP.5,,ἐκ,,ἐκ,ADP
EP.5,,δὲ,,δέ,CCONJ
EP.5,,τῶν,,ὁ,DET
EP.5,,Γαΐου,,Γαΐας,NOUN
EP.5,,ἀντιγράφων,,ἀντιγράφων,NOUN
EP.5,,Ἰσοκράτης,,Ἰσοκράτης,NOUN
EP.5,,ἐν,,ἐν,ADP
EP.5,,Κορίνθῳ,.,Κόρινθος,NOUN
EP.5,,ἐγὼ,,ἐγώ,PRON
EP.5,,δὲ,,δέ,ADV
EP.5,,πάλιν,,πάλιν,ADV
EP.5,,Πιόνιος,,Πιόνιος,NOUN
EP.5,,ἐκ,,ἐκ,ADP
EP.5,,τῶν,,ὁ,DET
EP.5,,Ἰσοκράτους,,Ἰσοκράτης,NOUN
EP.5,,ἀντιγράφων,,ἀντιγράφων,NOUN
EP.5,,ἔγραψα,,γράφω,VERB
EP.5,,κατὰ,,κατά,ADP
EP.5,,ἀποκάλυψιν,,ἀποκάλυψις,NOUN
EP.5,,τοῦ,,ὁ,DET
EP.5,,ἁγίου,,ἅγιος,ADJ
EP.5,,Πολυκάρπου,,Πολυκάρπου,NOUN
EP.5,,ζητήσας,,ζητέω,VERB
EP.5,,αὐτά,",",αὐτός,PRON
EP.5,,συναγαγὼν,,συνάγω,VERB
EP.5,,αὐτὰ,,αὐτός,PRON
EP.5,,ἤδη,,ἤδη,ADV
EP.5,,σχεδὸν,,σχεδόν,ADV
EP.5,,ἐκ,,ἐκ,ADP
EP.5,,τοῦ,,ὁ,DET
EP.5,,χρόνου,,χρόνος,NOUN
EP.5,,κεκμηκότα,",",κάμνω,VERB
EP.5,,ἵνα,,ἵνα,SCONJ
EP.5,,κἀμὲ,,ἐγώ,PRON
EP.5,,συναγάγῃ,,συνάγω,VERB
EP.5,,ὁ,,ὁ,DET
EP.5,,κύριος,,κύριος,NOUN
EP.5,,Ἰησοῦς,,Ἰησοῦς,NOUN
EP.5,,Χριστὸς,,χριστός,NOUN
EP.5,,μετὰ,,μετά,ADP
EP.5,,τῶν,,ὁ,DET
EP.5,,ἐκλεκτῶν,,ἐκλεκτός,ADJ
EP.5,,αὐτοῦ,,αὐτός,PRON
EP.5,,εἰς,,εἰς,ADP
EP.5,,τὴν,,ὁ,DET
EP.5,,ἐπουράνιον,,ἐπουράνιος,ADJ
EP.5,,αὐτοῦ,,αὐτός,PRON
EP.5,,βασιλείαν,·,βασιλεία,NOUN
EP.5,,ᾧ,,ὅς,PRON
EP.5,,ἡ,,ὁ,DET
EP.5,,δόξα,,δόξα,NOUN
EP.5,,σὺν,,σύν,ADP
EP.5,,τῷ,,ὁ,DET
EP.5,,πατρὶ,,πατήρ,NOUN
EP.5,,καὶ,,καί,ADV
EP.5,,τῷ,,ὁ,DET
EP.5,,υἱῷ,,υἱός,NOUN
EP.5,,καὶ,,καί,CCONJ
EP.5,,τῷ,,ὁ,DET
EP.5,,ἁγίῳ,,ἅγιος,ADJ
EP.5,,πνεύματι,,πνεῦμα,NOUN
EP.5,,εἰς,,εἰς,ADP
EP.5,,τοὺς,,ὁ,DET
EP.5,,αἰῶνας,,αἰών,NOUN
EP.5,,τῶν,,ὁ,DET
EP.5,,αἰώνων,.,αἰών,NOUN
EP.5,,ἀμήν,.,ἀμήν,INTJ
